id,zone,personId,type,coordX,coordY
1,5,1,"IND",10485.0,10088.0
2,1,3,"IND",-10392.0,9872.0
3,25,4,"IND",10234.0,-9840.0
4,13,5,"IND",362.0,-48.0
5,18,7,"IND",-13.0,-5408.0
6,18,8,"IND",111.0,-4624.0
7,1,9,"IND",-10264.0,9664.0
8,13,12,"IND",-136.0,456.0
9,18,13,"IND",489.0,-4904.0
10,13,15,"IND",-387.0,-120.0
11,13,16,"IND",238.0,168.0
12,21,18,"IND",-9634.0,-9688.0
13,18,19,"IND",-8.0,-5400.0
14,8,20,"IND",115.0,5384.0
15,1,21,"IND",-10259.0,9672.0
16,13,23,"IND",-149.0,432.0
17,21,24,"IND",-9524.0,-10280.0
18,1,26,"IND",-10400.0,9504.0
19,1,30,"IND",-9775.0,10144.0
20,13,32,"IND",353.0,-64.0
21,18,33,"IND",-22.0,-4776.0
22,1,35,"IND",-9898.0,10360.0
23,12,37,"IND",-5273.0,-352.0
24,25,39,"IND",9855.0,-9560.0
25,18,41,"IND",481.0,-5272.0
26,18,44,"IND",-396.0,-5136.0
27,12,51,"IND",-4770.0,152.0
28,13,54,"IND",357.0,-56.0
29,13,55,"IND",-17.0,-416.0
30,13,56,"IND",106.0,368.0
31,5,67,"IND",9732.0,9656.0
32,1,69,"IND",-10123.0,9831.0
33,13,70,"IND",-497.0,119.0
34,21,71,"IND",-10374.0,-10097.0
35,13,72,"IND",252.0,-457.0
36,21,74,"IND",-9621.0,-9665.0
37,18,75,"IND",5.0,-5377.0
38,12,78,"IND",-4872.0,407.0
39,21,79,"IND",-10246.0,-9953.0
40,18,80,"IND",-118.0,-5161.0
41,25,81,"IND",9507.0,-9873.0
42,18,84,"IND",-370.0,-4737.0
43,21,85,"IND",-9744.0,-10449.0
44,21,89,"IND",-9616.0,-9657.0
45,21,90,"IND",-9991.0,-10369.0
46,13,91,"IND",133.0,-233.0
47,13,92,"IND",-242.0,55.0
48,25,97,"IND",9868.0,-10184.0
49,16,98,"IND",-9506.0,-4897.0
50,5,99,"IND",9617.0,9888.0
51,21,100,"IND",-9757.0,-9824.0
52,13,102,"IND",371.0,319.0
53,21,103,"IND",-10004.0,-10393.0
54,5,113,"IND",10119.0,10391.0
55,13,114,"IND",-255.0,-321.0
56,12,116,"IND",-5127.0,-177.0
57,12,119,"IND",-4502.0,111.0
58,13,121,"IND",-378.0,-105.0
59,13,122,"IND",247.0,-465.0
60,18,125,"IND",375.0,-4673.0
61,18,126,"IND",0.0,-5385.0
62,25,127,"IND",10124.0,-9601.0
63,13,129,"IND",-251.0,39.0
64,18,130,"IND",-105.0,-4785.0
65,13,131,"IND",-480.0,-497.0
66,18,132,"IND",-356.0,-4713.0
67,13,134,"IND",269.0,-425.0
68,1,135,"IND",-9603.0,9718.0
69,5,136,"IND",10022.0,10006.0
70,12,137,"IND",-4854.0,-210.0
71,12,140,"IND",-5229.0,78.0
72,13,141,"IND",-101.0,222.0
73,21,143,"IND",-10475.0,-10490.0
74,13,144,"IND",-352.0,294.0
75,13,145,"IND",274.0,-418.0
76,13,148,"IND",401.0,-274.0
77,13,150,"IND",27.0,14.0
78,13,151,"IND",150.0,-202.0
79,5,152,"IND",9776.0,10438.0
80,5,158,"IND",9886.0,9847.0
81,13,159,"IND",-489.0,487.0
82,20,163,"IND",9635.0,-4729.0
83,13,166,"IND",260.0,-441.0
84,25,167,"IND",10388.0,-9649.0
85,12,168,"IND",-4986.0,-9.0
86,5,169,"IND",10137.0,9775.0
87,13,171,"IND",-237.0,63.0
88,13,172,"IND",-110.0,-145.0
89,25,175,"IND",9516.0,-9505.0
90,12,178,"IND",-5361.0,279.0
91,13,180,"IND",265.0,-433.0
92,13,184,"IND",393.0,359.0
93,13,185,"IND",18.0,-1.0
94,25,186,"IND",10141.0,-10217.0
95,13,191,"IND",-233.0,71.0
96,13,194,"IND",-88.0,246.0
97,1,196,"IND",-10462.0,9534.0
98,18,197,"IND",-339.0,-5330.0
99,25,199,"IND",10287.0,-10042.0
100,13,203,"IND",415.0,-250.0
101,21,204,"IND",-9960.0,-9610.0
102,22,206,"IND",-4837.0,-9826.0
103,12,207,"IND",-5211.0,462.0
104,13,209,"IND",-83.0,254.0
105,25,210,"IND",9542.0,-10106.0
106,22,216,"IND",-5334.0,-10322.0
107,5,217,"IND",10291.0,9966.0
108,13,223,"IND",419.0,-242.0
109,13,224,"IND",44.0,398.0
110,1,225,"IND",-9832.0,10182.0
111,13,226,"IND",-207.0,470.0
112,21,232,"IND",-10096.0,-9770.0
113,25,233,"IND",9529.0,-10482.0
114,13,234,"IND",-348.0,302.0
115,5,235,"IND",10278.0,9942.0
116,1,236,"IND",-9594.0,9734.0
117,13,237,"IND",31.0,22.0
118,21,240,"IND",-9845.0,-10194.0
119,12,242,"IND",-5220.0,446.0
120,1,243,"IND",-10092.0,10238.0
121,18,244,"IND",-467.0,-5474.0
122,13,246,"IND",-343.0,310.0
123,1,250,"IND",-9718.0,9950.0
124,21,252,"IND",-9590.0,-10258.0
125,3,253,"IND",36.0,10030.0
126,12,255,"IND",-4841.0,166.0
127,18,256,"IND",-215.0,-4546.0
128,18,259,"IND",-211.0,-5382.0
129,13,260,"IND",415.0,-94.0
130,13,261,"IND",-462.0,-310.0
131,13,262,"IND",164.0,330.0
132,1,265,"IND",-9709.0,10122.0
133,13,266,"IND",-83.0,410.0
134,5,268,"IND",10040.0,10194.0
135,25,270,"IND",9666.0,-10166.0
136,10,271,"IND",9794.0,4626.0
137,25,272,"IND",10419.0,-10086.0
138,13,273,"IND",-458.0,50.0
139,21,275,"IND",-9832.0,-9662.0
140,5,276,"IND",10296.0,10130.0
141,5,281,"IND",9921.0,10418.0
142,25,282,"IND",10045.0,-10446.0
143,12,285,"IND",-5330.0,-158.0
144,21,287,"IND",-10220.0,-10397.0
145,13,288,"IND",406.0,-109.0
146,13,292,"IND",-471.0,-325.0
147,18,293,"IND",155.0,-5037.0
148,24,295,"IND",5283.0,-9893.0
149,13,296,"IND",-92.0,395.0
150,5,297,"IND",10031.0,10179.0
151,13,301,"IND",-343.0,467.0
152,21,306,"IND",-10215.0,-10389.0
153,5,309,"IND",10410.0,9899.0
154,21,310,"IND",-10466.0,-10317.0
155,13,312,"IND",159.0,-29.0
156,1,316,"IND",-9713.0,10115.0
157,21,317,"IND",-10088.0,-9598.0
158,12,318,"IND",-4964.0,187.0
159,13,320,"IND",-339.0,-173.0
160,12,321,"IND",-5193.0,2.0
161,5,322,"IND",10432.0,10290.0
162,18,323,"IND",-444.0,-4926.0
163,13,327,"IND",181.0,362.0
164,18,328,"IND",309.0,-5494.0
165,25,330,"IND",9934.0,-10206.0
166,1,331,"IND",-9942.0,9578.0
167,13,332,"IND",-317.0,-134.0
168,12,333,"IND",-5189.0,10.0
169,12,334,"IND",-4563.0,298.0
170,18,335,"IND",-440.0,-4918.0
171,21,336,"IND",-9814.0,-9630.0
172,12,338,"IND",-4687.0,-486.0
173,1,343,"IND",-10061.0,9802.0
174,5,344,"IND",10062.0,9586.0
175,13,345,"IND",-312.0,-126.0
176,25,349,"IND",9798.0,-10366.0
177,13,350,"IND",423.0,-78.0
178,25,351,"IND",9547.0,-9942.0
179,25,353,"IND",10172.0,-9654.0
180,12,355,"IND",-4700.0,138.0
181,18,363,"IND",-74.0,-5222.0
182,13,366,"IND",49.0,-438.0
183,13,368,"IND",-325.0,-150.0
184,18,370,"IND",-198.0,-5358.0
185,21,371,"IND",-9572.0,-9718.0
186,18,375,"IND",-449.0,-4934.0
187,21,376,"IND",-9823.0,-9646.0
188,13,377,"IND",305.0,146.0
189,13,378,"IND",-70.0,-214.0
190,13,381,"IND",53.0,-430.0
191,12,383,"IND",-5321.0,-142.0
192,12,385,"IND",-5176.0,33.0
193,13,386,"IND",450.0,321.0
194,13,388,"IND",-427.0,457.0
195,13,390,"IND",199.0,-255.0
196,13,393,"IND",327.0,-463.0
197,13,394,"IND",-48.0,-175.0
198,13,399,"IND",75.0,-39.0
199,25,400,"IND",9701.0,-9751.0
200,13,401,"IND",-171.0,41.0
201,13,402,"IND",454.0,-319.0
202,1,407,"IND",-10422.0,10465.0
203,13,408,"IND",203.0,-247.0
204,18,411,"IND",331.0,-5455.0
205,12,414,"IND",-5044.0,185.0
206,1,415,"IND",-9920.0,9969.0
207,13,417,"IND",-295.0,257.0
208,18,418,"IND",-184.0,-4983.0
209,13,419,"IND",441.0,305.0
210,13,421,"IND",-436.0,90.0
211,25,422,"IND",10190.0,-10271.0
212,5,425,"IND",10318.0,9521.0
213,13,427,"IND",-57.0,-191.0
214,15,430,"IND",10067.0,-407.0
215,21,433,"IND",-10308.0,-9767.0
216,2,434,"IND",-5180.0,10025.0
217,13,437,"IND",445.0,313.0
218,21,441,"IND",-10431.0,-9903.0
219,25,442,"IND",10194.0,-10263.0
220,13,443,"IND",322.0,-471.0
221,13,444,"IND",-52.0,-183.0
222,5,456,"IND",10071.0,9601.0
223,12,457,"IND",-5303.0,241.0
224,12,458,"IND",-5158.0,416.0
225,5,460,"IND",10467.0,9704.0
226,13,463,"IND",-409.0,489.0
227,12,468,"IND",-4784.0,-223.0
228,12,472,"IND",-4656.0,-80.0
229,18,474,"IND",-30.0,-4792.0
230,25,477,"IND",10093.0,-10008.0
231,5,478,"IND",9719.0,9632.0
232,21,482,"IND",-10154.0,-9576.0
233,13,486,"IND",472.0,-288.0
234,1,489,"IND",-10405.0,10496.0
235,18,490,"IND",221.0,-4864.0
236,13,491,"IND",349.0,-72.0
237,12,494,"IND",-5026.0,216.0
238,13,498,"IND",97.0,0.0
239,13,499,"IND",-277.0,-360.0
240,13,502,"IND",-167.0,49.0
241,5,503,"IND",10459.0,9689.0
242,13,504,"IND",-418.0,473.0
243,1,506,"IND",-9792.0,9761.0
244,1,507,"IND",-9665.0,9553.0
245,10,509,"IND",9961.0,5193.0
246,18,513,"IND",84.0,-5023.0
247,21,515,"IND",-10290.0,-9735.0
248,18,516,"IND",-162.0,-4591.0
249,1,517,"IND",-9537.0,9697.0
250,5,519,"IND",9586.0,10481.0
251,5,521,"IND",10212.0,9769.0
252,5,524,"IND",10340.0,9913.0
253,21,525,"IND",-10035.0,-9799.0
254,25,527,"IND",10089.0,-10015.0
255,1,529,"IND",-10286.0,10273.0
256,13,531,"IND",-281.0,437.0
257,13,534,"IND",344.0,77.0
258,13,535,"IND",468.0,-139.0
259,18,537,"IND",93.0,-4851.0
260,13,538,"IND",221.0,293.0
261,13,539,"IND",-154.0,-419.0
262,25,541,"IND",9970.0,-9635.0
263,12,542,"IND",-5405.0,-347.0
264,13,543,"IND",-277.0,-203.0
265,13,544,"IND",349.0,85.0
266,25,545,"IND",10472.0,-10131.0
267,1,547,"IND",-9902.0,10157.0
268,13,552,"IND",225.0,301.0
269,13,555,"IND",-149.0,-411.0
270,13,558,"IND",-26.0,373.0
271,12,561,"IND",-5400.0,-339.0
272,1,562,"IND",-10290.0,10421.0
273,18,564,"IND",335.0,-5291.0
274,25,565,"IND",10459.0,-10155.0
275,13,566,"IND",84.0,133.0
276,25,567,"IND",10212.0,-10075.0
277,13,569,"IND",-162.0,213.0
278,5,570,"IND",9961.0,10349.0
279,12,571,"IND",-5413.0,-363.0
280,18,573,"IND",-286.0,-4571.0
281,13,574,"IND",340.0,69.0
282,13,575,"IND",463.0,-147.0
283,13,578,"IND",89.0,141.0
284,21,579,"IND",-9783.0,-10067.0
285,24,581,"IND",4842.0,-10427.0
286,1,582,"IND",-10035.0,10357.0
287,18,584,"IND",-409.0,-5355.0
288,13,585,"IND",-264.0,-180.0
289,13,586,"IND",362.0,108.0
290,18,587,"IND",485.0,-4756.0
291,18,589,"IND",111.0,-5468.0
292,25,591,"IND",10239.0,-9676.0
293,25,592,"IND",9864.0,-10388.0
294,13,593,"IND",-13.0,-252.0
295,20,595,"IND",9613.0,-4964.0
296,1,596,"IND",-10259.0,9828.0
297,1,597,"IND",-9634.0,10116.0
298,13,600,"IND",490.0,252.0
299,25,601,"IND",10115.0,-10460.0
300,14,603,"IND",5243.0,332.0
301,13,604,"IND",-132.0,-28.0
302,18,606,"IND",-8.0,-5244.0
303,21,607,"IND",-10383.0,-9956.0
304,13,608,"IND",-272.0,-195.0
305,25,609,"IND",10353.0,-9907.0
306,1,611,"IND",-9524.0,9877.0
307,13,613,"IND",102.0,165.0
308,21,614,"IND",-9770.0,-9691.0
309,12,615,"IND",-5145.0,-403.0
310,13,617,"IND",-21.0,381.0
311,12,618,"IND",-5396.0,21.0
312,5,619,"IND",9732.0,9813.0
313,12,622,"IND",-4643.0,101.0
314,25,623,"IND",10481.0,-10115.0
315,4,625,"IND",5106.0,9525.0
316,12,626,"IND",-4766.0,316.0
317,13,628,"IND",-140.0,-396.0
318,7,629,"IND",-5017.0,5389.0
319,1,630,"IND",-10391.0,10028.0
320,21,631,"IND",-10246.0,-9796.0
321,13,633,"IND",379.0,492.0
322,23,635,"IND",-497.0,-9724.0
323,21,636,"IND",-9872.0,-10436.0
324,5,637,"IND",10256.0,9708.0
325,24,639,"IND",4882.0,-10004.0
326,1,640,"IND",-9995.0,9780.0
327,18,641,"IND",-369.0,-4932.0
328,18,644,"IND",-242.0,-4788.0
329,18,645,"IND",384.0,-5500.0
330,13,647,"IND",-493.0,284.0
331,13,648,"IND",133.0,-76.0
332,18,650,"IND",261.0,-5285.0
333,13,651,"IND",-114.0,3.0
334,12,652,"IND",-4991.0,-212.0
335,13,653,"IND",-365.0,428.0
336,13,655,"IND",-255.0,-164.0
337,13,657,"IND",371.0,476.0
338,12,658,"IND",-4506.0,260.0
339,12,659,"IND",-4880.0,-452.0
340,24,661,"IND",5247.0,-9660.0
341,5,662,"IND",9873.0,9980.0
342,7,663,"IND",-5004.0,4764.0
343,25,666,"IND",9622.0,-9948.0
344,18,667,"IND",-250.0,-4804.0
345,18,669,"IND",375.0,-4516.0
346,1,670,"IND",-9502.0,10268.0
347,12,672,"IND",-4876.0,-444.0
348,13,673,"IND",252.0,-300.0
349,18,674,"IND",-123.0,-5012.0
350,21,675,"IND",-9999.0,-10228.0
351,5,677,"IND",9626.0,10060.0
352,13,679,"IND",-228.0,235.0
353,1,680,"IND",-9603.0,9875.0
354,21,681,"IND",-10480.0,-10341.0
355,1,683,"IND",-9854.0,9947.0
356,13,684,"IND",274.0,-261.0
357,13,685,"IND",-101.0,379.0
358,13,688,"IND",23.0,163.0
359,12,689,"IND",-5352.0,451.0
360,21,691,"IND",-10224.0,-9757.0
361,21,692,"IND",-9599.0,-10117.0
362,18,694,"IND",-475.0,-5333.0
363,12,695,"IND",-4850.0,-45.0
364,13,696,"IND",278.0,99.0
365,18,697,"IND",-96.0,-4613.0
366,21,699,"IND",-9973.0,-9829.0
367,18,701,"IND",-347.0,-4541.0
368,13,702,"IND",-237.0,219.0
369,13,703,"IND",388.0,-493.0
370,13,705,"IND",-488.0,291.0
371,13,706,"IND",137.0,-69.0
372,13,707,"IND",265.0,-277.0
373,18,710,"IND",-110.0,-4989.0
374,12,711,"IND",-4986.0,147.0
375,1,713,"IND",-10361.0,10435.0
376,1,714,"IND",-10233.0,10227.0
377,13,716,"IND",393.0,-485.0
378,13,717,"IND",-484.0,-349.0
379,13,718,"IND",142.0,-61.0
380,5,719,"IND",10269.0,9731.0
381,25,721,"IND",9895.0,-9981.0
382,25,722,"IND",10018.0,-9845.0
383,12,724,"IND",-5356.0,443.0
384,13,728,"IND",-352.0,-392.0
385,13,730,"IND",274.0,-104.0
386,13,731,"IND",397.0,-320.0
387,13,733,"IND",23.0,320.0
388,5,735,"IND",10151.0,10112.0
389,13,737,"IND",-224.0,400.0
390,21,739,"IND",-10101.0,-10464.0
391,5,742,"IND",9525.0,9824.0
392,13,749,"IND",-347.0,-385.0
393,5,752,"IND",10278.0,9903.0
394,1,753,"IND",-9598.0,10040.0
395,12,754,"IND",-4973.0,328.0
396,18,765,"IND",155.0,-4881.0
397,2,767,"IND",-5220.0,9759.0
398,12,768,"IND",-5096.0,-457.0
399,9,769,"IND",4529.0,4831.0
400,1,770,"IND",-10360.0,9592.0
401,18,772,"IND",265.0,-5120.0
402,1,773,"IND",-9612.0,9664.0
403,13,776,"IND",14.0,-48.0
404,13,777,"IND",142.0,96.0
405,13,778,"IND",-233.0,384.0
406,10,779,"IND",9891.0,5168.0
407,13,782,"IND",-484.0,-192.0
408,12,783,"IND",-5356.0,-400.0
409,13,787,"IND",269.0,-112.0
410,18,788,"IND",393.0,-5328.0
411,25,789,"IND",10018.0,-9688.0
412,12,790,"IND",-4854.0,104.0
413,13,795,"IND",-228.0,392.0
414,13,796,"IND",-105.0,176.0
415,25,797,"IND",9521.0,-10184.0
416,21,798,"IND",-10334.0,-10009.0
417,13,800,"IND",291.0,279.0
418,21,801,"IND",-9585.0,-9937.0
419,18,811,"IND",40.0,-4649.0
420,13,812,"IND",168.0,495.0
421,18,814,"IND",-206.0,-5217.0
422,12,817,"IND",-5083.0,-433.0
423,18,819,"IND",-457.0,-5145.0
424,1,820,"IND",-10330.0,9999.0
425,23,823,"IND",296.0,-9713.0
426,13,824,"IND",419.0,71.0
427,25,825,"IND",10045.0,-10289.0
428,12,827,"IND",-4827.0,-497.0
429,1,828,"IND",-10202.0,9791.0
430,15,829,"IND",9921.0,-425.0
431,12,830,"IND",-5453.0,215.0
432,13,832,"IND",-343.0,-377.0
433,1,833,"IND",-9717.0,10263.0
434,13,834,"IND",406.0,47.0
435,16,835,"IND",-9968.0,-4665.0
436,21,838,"IND",-9841.0,-9873.0
437,13,839,"IND",-215.0,-233.0
438,13,841,"IND",-92.0,-449.0
439,13,842,"IND",-466.0,-161.0
440,10,843,"IND",9662.0,4631.0
441,21,846,"IND",-9713.0,-9729.0
442,12,848,"IND",-4590.0,55.0
443,13,849,"IND",36.0,343.0
444,9,850,"IND",5164.0,5487.0
445,13,856,"IND",-211.0,-225.0
446,12,857,"IND",-5087.0,-441.0
447,21,861,"IND",-10462.0,-10153.0
448,21,864,"IND",-10316.0,-9978.0
449,13,865,"IND",309.0,-338.0
450,25,866,"IND",10432.0,-9554.0
451,13,867,"IND",58.0,-266.0
452,25,869,"IND",10186.0,-10474.0
453,21,870,"IND",-10189.0,-9834.0
454,21,873,"IND",-10065.0,-10050.0
455,12,876,"IND",-5440.0,238.0
456,18,878,"IND",-312.0,-4970.0
457,12,882,"IND",-4687.0,-330.0
458,13,883,"IND",437.0,454.0
459,13,884,"IND",62.0,-258.0
460,18,889,"IND",190.0,-5466.0
461,1,892,"IND",-10184.0,10174.0
462,5,894,"IND",9939.0,9958.0
463,21,895,"IND",-10435.0,-9754.0
464,18,897,"IND",-325.0,-4993.0
465,25,901,"IND",10300.0,-9705.0
466,13,902,"IND",424.0,79.0
467,13,904,"IND",49.0,-281.0
468,18,905,"IND",177.0,-5489.0
469,6,907,"IND",-10198.0,4799.0
470,13,908,"IND",-74.0,-417.0
471,13,914,"IND",-449.0,223.0
472,4,915,"IND",4679.0,10015.0
473,20,921,"IND",10305.0,-4698.0
474,12,922,"IND",-4572.0,439.0
475,10,923,"IND",10054.0,4727.0
476,1,924,"IND",-9819.0,9518.0
477,1,930,"IND",-10193.0,9806.0
478,3,931,"IND",-70.0,9942.0
479,1,932,"IND",-10444.0,10230.0
480,13,933,"IND",-299.0,406.0
481,21,934,"IND",-9673.0,-10306.0
482,13,935,"IND",450.0,478.0
483,25,938,"IND",10076.0,-9882.0
484,18,940,"IND",203.0,-5090.0
485,25,941,"IND",9829.0,-9802.0
486,5,942,"IND",9952.0,9982.0
487,25,944,"IND",9578.0,-10378.0
488,5,948,"IND",9706.0,10414.0
489,5,950,"IND",10331.0,9702.0
490,5,951,"IND",10454.0,10486.0
491,13,953,"IND",80.0,126.0
492,13,954,"IND",208.0,-83.0
493,1,957,"IND",-10167.0,10205.0
494,12,958,"IND",-5043.0,341.0
495,13,959,"IND",-418.0,-371.0
496,5,960,"IND",9692.0,10390.0
497,13,963,"IND",318.0,-322.0
498,18,964,"IND",441.0,-4538.0
499,13,966,"IND",67.0,-250.0
500,13,968,"IND",195.0,-106.0
501,13,969,"IND",-180.0,182.0
502,13,970,"IND",-57.0,-34.0
503,13,971,"IND",-431.0,254.0
504,13,973,"IND",-303.0,398.0
505,13,974,"IND",322.0,-314.0
506,12,979,"IND",-4554.0,470.0
507,13,980,"IND",71.0,-242.0
508,1,983,"IND",-9801.0,9902.0
509,13,985,"IND",-176.0,190.0
510,18,986,"IND",-52.0,-5026.0
511,9,990,"IND",4573.0,4614.0
512,13,991,"IND",141.0,469.0
513,21,993,"IND",-10233.0,-10243.0
514,13,994,"IND",-110.0,-107.0
515,21,995,"IND",-10484.0,-9819.0
516,21,999,"IND",-10357.0,-10027.0
517,13,1004,"IND",269.0,261.0
518,13,1007,"IND",392.0,397.0
519,9,1008,"IND",5018.0,4685.0
520,13,1010,"IND",145.0,477.0
521,13,1014,"IND",-229.0,-235.0
522,21,1015,"IND",-10106.0,-10099.0
523,12,1016,"IND",-5480.0,189.0
524,25,1018,"IND",9648.0,-10019.0
525,13,1019,"IND",273.0,-379.0
526,24,1020,"IND",5397.0,-9595.0
527,12,1021,"IND",-4978.0,-307.0
528,5,1025,"IND",10132.0,10454.0
529,25,1026,"IND",9758.0,-10258.0
530,13,1028,"IND",-119.0,-474.0
531,5,1029,"IND",9507.0,10166.0
532,13,1030,"IND",-366.0,-42.0
533,5,1031,"IND",10260.0,10246.0
534,13,1032,"IND",383.0,30.0
535,25,1033,"IND",10009.0,-10330.0
536,5,1034,"IND",10137.0,10462.0
537,1,1036,"IND",-10238.0,9750.0
538,21,1041,"IND",-10114.0,-10466.0
539,13,1042,"IND",-489.0,174.0
540,21,1043,"IND",-10361.0,-10034.0
541,13,1047,"IND",264.0,253.0
542,13,1048,"IND",388.0,38.0
543,25,1049,"IND",10013.0,-10322.0
544,13,1051,"IND",159.0,-147.0
545,25,1053,"IND",9784.0,-9859.0
546,5,1061,"IND",9908.0,9925.0
547,5,1064,"IND",9533.0,10213.0
548,13,1066,"IND",-339.0,357.0
549,18,1068,"IND",286.0,-5355.0
550,13,1069,"IND",410.0,429.0
551,13,1073,"IND",35.0,-283.0
552,1,1074,"IND",-9837.0,9861.0
553,13,1075,"IND",-211.0,149.0
554,1,1076,"IND",-10088.0,9933.0
555,21,1079,"IND",-10462.0,-10427.0
556,12,1081,"IND",-5335.0,365.0
557,1,1083,"IND",-9709.0,9653.0
558,6,1084,"IND",-9586.0,5437.0
559,18,1086,"IND",40.0,-4923.0
560,5,1088,"IND",10150.0,10485.0
561,5,1091,"IND",9775.0,10125.0
562,13,1092,"IND",-101.0,-91.0
563,12,1097,"IND",-5476.0,197.0
564,5,1098,"IND",9652.0,9989.0
565,1,1099,"IND",-9722.0,9629.0
566,13,1100,"IND",401.0,413.0
567,12,1105,"IND",-4973.0,-299.0
568,5,1106,"IND",10154.0,9845.0
569,12,1109,"IND",-5220.0,133.0
570,25,1112,"IND",9903.0,-10083.0
571,5,1113,"IND",9529.0,10205.0
572,1,1115,"IND",-10344.0,10349.0
573,13,1116,"IND",282.0,-363.0
574,21,1117,"IND",-9595.0,-9579.0
575,18,1119,"IND",31.0,-5291.0
576,8,1120,"IND",176.0,4884.0
577,17,1123,"IND",-5198.0,-5476.0
578,13,1125,"IND",-75.0,308.0
579,13,1128,"IND",-449.0,-404.0
580,18,1131,"IND",-322.0,-4612.0
581,21,1132,"IND",-9696.0,-9972.0
582,5,1135,"IND",10427.0,9812.0
583,18,1139,"IND",53.0,-4900.0
584,13,1140,"IND",181.0,-108.0
585,25,1141,"IND",9806.0,-10468.0
586,25,1142,"IND",9930.0,-9684.0
587,13,1154,"IND",-445.0,-396.0
588,12,1155,"IND",-5317.0,-252.0
589,12,1156,"IND",-4692.0,36.0
590,5,1158,"IND",10432.0,9820.0
591,6,1161,"IND",-9943.0,5108.0
592,13,1166,"IND",167.0,-132.0
593,18,1170,"IND",-207.0,-4844.0
594,13,1172,"IND",-84.0,-60.0
595,25,1175,"IND",9542.0,-10420.0
596,13,1176,"IND",-330.0,372.0
597,13,1180,"IND",295.0,-340.0
598,1,1184,"IND",-9581.0,9796.0
599,13,1187,"IND",44.0,84.0
600,13,1188,"IND",172.0,-124.0
601,1,1189,"IND",-10203.0,10164.0
602,13,1192,"IND",-79.0,300.0
603,13,1196,"IND",-454.0,-412.0
604,25,1197,"IND",9674.0,-9620.0
605,1,1200,"IND",-9700.0,9668.0
606,13,1201,"IND",423.0,-196.0
607,18,1202,"IND",49.0,-4908.0
608,13,1204,"IND",194.0,267.0
609,12,1205,"IND",-5181.0,-445.0
610,5,1207,"IND",9943.0,10340.0
611,25,1211,"IND",9568.0,-10021.0
612,13,1213,"IND",-304.0,-229.0
613,21,1214,"IND",-9678.0,-9941.0
614,18,1215,"IND",445.0,-5157.0
615,25,1217,"IND",10071.0,-9517.0
616,18,1219,"IND",198.0,-4725.0
617,18,1222,"IND",-176.0,-5437.0
618,25,1223,"IND",9947.0,-10301.0
619,13,1225,"IND",-427.0,-13.0
620,13,1227,"IND",-300.0,-221.0
621,13,1229,"IND",326.0,67.0
622,13,1232,"IND",449.0,203.0
623,5,1233,"IND",10075.0,10491.0
624,17,1235,"IND",-4815.0,-4748.0
625,12,1236,"IND",-5189.0,-460.0
626,13,1237,"IND",-66.0,324.0
627,12,1239,"IND",-5440.0,-388.0
628,21,1240,"IND",-10313.0,-10244.0
629,13,1241,"IND",313.0,44.0
630,13,1242,"IND",436.0,-172.0
631,18,1243,"IND",62.0,-4884.0
632,13,1245,"IND",189.0,260.0
633,25,1250,"IND",9815.0,-10452.0
634,13,1253,"IND",-62.0,332.0
635,12,1256,"IND",-5436.0,-380.0
636,21,1259,"IND",-10308.0,-10236.0
637,18,1260,"IND",317.0,-4948.0
638,25,1262,"IND",10441.0,-10164.0
639,11,1263,"IND",-9934.0,476.0
640,13,1264,"IND",71.0,-360.0
641,12,1265,"IND",-5304.0,-72.0
642,13,1267,"IND",-180.0,-288.0
643,25,1268,"IND",10445.0,-10000.0
644,12,1269,"IND",-5427.0,144.0
645,5,1271,"IND",10198.0,10432.0
646,13,1272,"IND",322.0,216.0
647,3,1273,"IND",-53.0,9504.0
648,13,1276,"IND",75.0,-352.0
649,13,1277,"IND",-299.0,-64.0
650,13,1279,"IND",-176.0,-280.0
651,12,1280,"IND",-4550.0,360.0
652,5,1282,"IND",9577.0,10152.0
653,18,1283,"IND",203.0,-4560.0
654,18,1284,"IND",326.0,-4776.0
655,25,1285,"IND",9952.0,-10136.0
656,1,1287,"IND",-9938.0,10272.0
657,12,1289,"IND",-5313.0,-88.0
658,21,1290,"IND",-10189.0,-10304.0
659,1,1291,"IND",-9564.0,9984.0
660,13,1293,"IND",-436.0,-224.0
661,13,1294,"IND",190.0,416.0
662,5,1295,"IND",10313.0,10200.0
663,13,1298,"IND",-61.0,488.0
664,5,1299,"IND",10066.0,10280.0
665,18,1301,"IND",-308.0,-5080.0
666,13,1302,"IND",-185.0,-296.0
667,18,1304,"IND",441.0,-5008.0
668,4,1305,"IND",4569.0,10136.0
669,1,1306,"IND",-9806.0,10424.0
670,25,1307,"IND",10317.0,-9792.0
671,25,1309,"IND",9943.0,-9504.0
672,12,1311,"IND",-4912.0,-329.0
673,5,1312,"IND",9714.0,10311.0
674,1,1313,"IND",-10163.0,10095.0
675,21,1315,"IND",-9537.0,-9617.0
676,13,1316,"IND",-410.0,175.0
677,13,1317,"IND",216.0,-185.0
678,25,1320,"IND",10339.0,-10401.0
679,5,1321,"IND",9965.0,9887.0
680,13,1323,"IND",93.0,-321.0
681,13,1324,"IND",-282.0,319.0
682,18,1326,"IND",-158.0,-4897.0
683,1,1327,"IND",-9533.0,10391.0
684,21,1328,"IND",-10405.0,-9817.0
685,25,1329,"IND",10220.0,-10177.0
686,13,1331,"IND",344.0,-393.0
687,12,1333,"IND",-5031.0,-105.0
688,5,1334,"IND",10080.0,9656.0
689,12,1335,"IND",-5295.0,-56.0
690,5,1337,"IND",9828.0,9728.0
691,5,1338,"IND",10454.0,10368.0
692,1,1339,"IND",-10418.0,10160.0
693,1,1342,"IND",-9793.0,10448.0
694,13,1343,"IND",331.0,232.0
695,12,1345,"IND",-5044.0,-128.0
696,25,1346,"IND",10084.0,-10336.0
697,13,1348,"IND",-291.0,-48.0
698,13,1349,"IND",-167.0,88.0
699,13,1350,"IND",458.0,376.0
700,5,1351,"IND",9586.0,10167.0
701,21,1353,"IND",-9788.0,-9545.0
702,1,1354,"IND",-9665.0,9591.0
703,21,1356,"IND",-10039.0,-10121.0
704,13,1360,"IND",106.0,55.0
705,1,1362,"IND",-10269.0,10343.0
706,13,1363,"IND",-145.0,127.0
707,1,1365,"IND",-9520.0,9767.0
708,13,1367,"IND",-392.0,-441.0
709,21,1369,"IND",-9766.0,-10153.0
710,25,1371,"IND",10357.0,-10369.0
711,13,1374,"IND",-17.0,271.0
712,5,1381,"IND",10110.0,10063.0
713,25,1384,"IND",9736.0,-9649.0
714,13,1385,"IND",-141.0,135.0
715,18,1386,"IND",485.0,-5225.0
716,13,1397,"IND",-388.0,-434.0
717,18,1399,"IND",238.0,-5146.0
718,13,1400,"IND",361.0,-9.0
719,13,1401,"IND",-13.0,279.0
720,1,1402,"IND",-9903.0,10039.0
721,1,1404,"IND",-10277.0,10327.0
722,17,1405,"IND",-5154.0,-4889.0
723,18,1408,"IND",472.0,-4601.0
724,13,1409,"IND",-401.0,-457.0
725,20,1410,"IND",10225.0,-5169.0
726,18,1411,"IND",348.0,-5385.0
727,13,1414,"IND",-26.0,-97.0
728,13,1415,"IND",101.0,47.0
729,23,1419,"IND",-273.0,-9665.0
730,18,1420,"IND",-150.0,-4881.0
731,13,1421,"IND",476.0,407.0
732,13,1422,"IND",-396.0,-449.0
733,18,1427,"IND",229.0,-5161.0
734,12,1428,"IND",-4647.0,-377.0
735,21,1429,"IND",-10022.0,-9737.0
736,13,1430,"IND",123.0,86.0
737,18,1432,"IND",-251.0,-5274.0
738,5,1433,"IND",9872.0,9510.0
739,13,1443,"IND",498.0,-202.0
740,12,1444,"IND",-5374.0,-58.0
741,13,1446,"IND",251.0,230.0
742,21,1449,"IND",-9625.0,-9986.0
743,14,1451,"IND",5000.0,302.0
744,13,1452,"IND",128.0,446.0
745,18,1455,"IND",-247.0,-5266.0
746,25,1456,"IND",9877.0,-10482.0
747,13,1457,"IND",-498.0,-194.0
748,21,1459,"IND",-10370.0,-10050.0
749,13,1460,"IND",256.0,238.0
750,21,1461,"IND",-9621.0,-9978.0
751,21,1462,"IND",-9995.0,-9690.0
752,12,1464,"IND",-4885.0,70.0
753,24,1465,"IND",4740.0,-9642.0
754,13,1466,"IND",-136.0,494.0
755,14,1467,"IND",5489.0,-218.0
756,13,1470,"IND",-383.0,-426.0
757,18,1471,"IND",242.0,-4786.0
758,18,1473,"IND",366.0,-5002.0
759,13,1474,"IND",-9.0,286.0
760,18,1475,"IND",119.0,-4922.0
761,13,1478,"IND",-255.0,-282.0
762,5,1480,"IND",9868.0,9502.0
763,13,1481,"IND",494.0,-210.0
764,1,1482,"IND",-10379.0,9582.0
765,18,1488,"IND",247.0,-4778.0
766,13,1489,"IND",370.0,6.0
767,25,1493,"IND",9996.0,-9706.0
768,18,1496,"IND",0.0,-4541.0
769,5,1497,"IND",9626.0,9747.0
770,5,1498,"IND",9749.0,9883.0
771,18,1499,"IND",375.0,-4829.0
772,18,1501,"IND",-497.0,-5037.0
773,25,1502,"IND",10128.0,-10397.0
774,5,1505,"IND",10251.0,10387.0
775,13,1508,"IND",-123.0,-325.0
776,25,1510,"IND",10005.0,-9534.0
777,5,1514,"IND",9630.0,10106.0
778,13,1515,"IND",-246.0,-109.0
779,21,1516,"IND",-9621.0,-9822.0
780,18,1521,"IND",-493.0,-5030.0
781,13,1524,"IND",132.0,-390.0
782,1,1526,"IND",-9744.0,10394.0
783,1,1527,"IND",-10119.0,9682.0
784,13,1529,"IND",-8.0,443.0
785,25,1533,"IND",9617.0,-10269.0
786,21,1534,"IND",-10260.0,-10485.0
787,18,1536,"IND",366.0,-4845.0
788,5,1537,"IND",10494.0,9947.0
789,13,1539,"IND",119.0,235.0
790,8,1540,"IND",243.0,5019.0
791,21,1546,"IND",-10132.0,-10341.0
792,25,1547,"IND",9996.0,-9549.0
793,13,1553,"IND",-379.0,-261.0
794,8,1554,"IND",-255.0,4875.0
795,13,1555,"IND",370.0,163.0
796,13,1556,"IND",498.0,-45.0
797,1,1562,"IND",-9876.0,10243.0
798,12,1563,"IND",-4753.0,379.0
799,18,1564,"IND",-127.0,-5333.0
800,21,1565,"IND",-9982.0,-10158.0
801,13,1566,"IND",-357.0,130.0
802,12,1567,"IND",-5233.0,-86.0
803,12,1570,"IND",-4608.0,-446.0
804,13,1572,"IND",-480.0,346.0
805,1,1573,"IND",-9854.0,9634.0
806,13,1574,"IND",269.0,418.0
807,1,1576,"IND",-10105.0,10058.0
808,13,1580,"IND",22.0,-150.0
809,12,1582,"IND",-5352.0,138.0
810,21,1583,"IND",-10229.0,-10078.0
811,25,1585,"IND",10397.0,-10438.0
812,9,1586,"IND",4525.0,5354.0
813,1,1589,"IND",-9850.0,9642.0
814,1,1590,"IND",-9727.0,9778.0
815,1,1591,"IND",-10101.0,10066.0
816,1,1592,"IND",-9991.0,9826.0
817,6,1595,"IND",-10365.0,5114.0
818,12,1596,"IND",-5242.0,-102.0
819,18,1598,"IND",384.0,-4814.0
820,13,1600,"IND",-489.0,330.0
821,5,1601,"IND",10137.0,9618.0
822,13,1602,"IND",260.0,402.0
823,13,1603,"IND",-114.0,-310.0
824,1,1605,"IND",-9986.0,9834.0
825,18,1606,"IND",-361.0,-4878.0
826,18,1611,"IND",-238.0,-5094.0
827,1,1612,"IND",-9612.0,10194.0
828,18,1615,"IND",-484.0,-4662.0
829,13,1617,"IND",141.0,-374.0
830,13,1618,"IND",265.0,410.0
831,1,1622,"IND",-10110.0,9698.0
832,2,1623,"IND",-4964.0,9873.0
833,5,1625,"IND",9661.0,9513.0
834,1,1626,"IND",-10216.0,10297.0
835,19,1627,"IND",5410.0,-5415.0
836,13,1631,"IND",-462.0,377.0
837,18,1636,"IND",163.0,-4983.0
838,21,1639,"IND",-9713.0,-10199.0
839,12,1640,"IND",-5088.0,89.0
840,13,1642,"IND",40.0,233.0
841,21,1646,"IND",-10335.0,-10479.0
842,8,1647,"IND",-211.0,5305.0
843,12,1648,"IND",-4586.0,-407.0
844,21,1650,"IND",-10458.0,-10263.0
845,13,1651,"IND",168.0,25.0
846,13,1652,"IND",291.0,-191.0
847,1,1653,"IND",-10083.0,10097.0
848,15,1657,"IND",10027.0,-142.0
849,13,1658,"IND",-348.0,146.0
850,5,1660,"IND",9776.0,10282.0
851,3,1661,"IND",401.0,9570.0
852,1,1662,"IND",-10471.0,10362.0
853,18,1663,"IND",154.0,-5350.0
854,25,1664,"IND",10278.0,-10214.0
855,21,1665,"IND",-10097.0,-9926.0
856,13,1666,"IND",31.0,-135.0
857,18,1668,"IND",-343.0,-5495.0
858,7,1673,"IND",-5220.0,5290.0
859,12,1674,"IND",-4594.0,-422.0
860,21,1675,"IND",-10467.0,-9631.0
861,13,1679,"IND",159.0,9.0
862,13,1680,"IND",282.0,-207.0
863,1,1681,"IND",-10092.0,10081.0
864,13,1683,"IND",53.0,257.0
865,25,1685,"IND",9679.0,-10455.0
866,14,1693,"IND",4802.0,329.0
867,5,1696,"IND",10428.0,9969.0
868,12,1698,"IND",-5445.0,-239.0
869,13,1700,"IND",181.0,49.0
870,13,1701,"IND",304.0,185.0
871,13,1705,"IND",-70.0,473.0
872,13,1706,"IND",58.0,265.0
873,18,1707,"IND",-317.0,-5448.0
874,5,1708,"IND",9806.0,9689.0
875,5,1711,"IND",10432.0,9977.0
876,18,1713,"IND",-440.0,-5232.0
877,8,1715,"IND",185.0,5408.0
878,1,1716,"IND",-9691.0,10192.0
879,18,1718,"IND",-66.0,-4520.0
880,13,1720,"IND",44.0,241.0
881,13,1723,"IND",-330.0,-471.0
882,5,1724,"IND",9793.0,10313.0
883,13,1729,"IND",419.0,-399.0
884,12,1730,"IND",-5453.0,-255.0
885,12,1731,"IND",-4828.0,33.0
886,13,1732,"IND",295.0,-183.0
887,1,1737,"IND",-10079.0,10457.0
888,12,1738,"IND",-4951.0,249.0
889,18,1741,"IND",-326.0,-5463.0
890,18,1744,"IND",-202.0,-4679.0
891,5,1745,"IND",10423.0,9961.0
892,13,1747,"IND",-449.0,-247.0
893,12,1748,"IND",-4824.0,41.0
894,25,1749,"IND",10300.0,-10175.0
895,21,1751,"IND",-10075.0,-9535.0
896,25,1752,"IND",9930.0,-10371.0
897,13,1755,"IND",-445.0,-83.0
898,12,1757,"IND",-5321.0,-299.0
899,11,1760,"IND",-9696.0,-11.0
900,5,1763,"IND",10432.0,10133.0
901,21,1764,"IND",-9942.0,-9579.0
902,13,1767,"IND",181.0,205.0
903,13,1771,"IND",-193.0,-155.0
904,11,1772,"IND",-10066.0,-363.0
905,13,1773,"IND",-440.0,-75.0
906,18,1774,"IND",-317.0,-5291.0
907,13,1786,"IND",309.0,349.0
908,13,1787,"IND",437.0,141.0
909,13,1788,"IND",62.0,429.0
910,13,1790,"IND",185.0,213.0
911,5,1793,"IND",9811.0,9853.0
912,13,1798,"IND",-79.0,262.0
913,13,1802,"IND",-453.0,-98.0
914,18,1804,"IND",-330.0,-5314.0
915,13,1807,"IND",296.0,-26.0
916,25,1808,"IND",10423.0,-9883.0
917,1,1812,"IND",-9951.0,10405.0
918,13,1816,"IND",172.0,190.0
919,25,1819,"IND",9798.0,-9523.0
920,13,1820,"IND",-74.0,-379.0
921,13,1821,"IND",-449.0,-91.0
922,20,1824,"IND",9674.0,-5307.0
923,21,1828,"IND",-9700.0,-10019.0
924,6,1829,"IND",-9572.0,5125.0
925,13,1832,"IND",53.0,413.0
926,21,1833,"IND",-9823.0,-9803.0
927,13,1834,"IND",-198.0,485.0
928,21,1836,"IND",-10052.0,-10339.0
929,23,1837,"IND",-427.0,-9699.0
930,1,1839,"IND",-10304.0,10085.0
931,13,1843,"IND",322.0,373.0
932,13,1845,"IND",450.0,165.0
933,21,1846,"IND",-9925.0,-10196.0
934,12,1847,"IND",-4801.0,-411.0
935,13,1849,"IND",-176.0,-123.0
936,21,1851,"IND",-10048.0,-9980.0
937,13,1854,"IND",-423.0,308.0
938,13,1855,"IND",-299.0,92.0
939,25,1857,"IND",10326.0,-9620.0
940,13,1859,"IND",454.0,-476.0
941,13,1861,"IND",80.0,-188.0
942,6,1864,"IND",-9797.0,4596.0
943,13,1865,"IND",-171.0,-116.0
944,12,1867,"IND",-5061.0,-355.0
945,1,1868,"IND",-10436.0,9933.0
946,13,1869,"IND",-312.0,69.0
947,12,1871,"IND",-4687.0,357.0
948,13,1872,"IND",441.0,149.0
949,21,1873,"IND",-9934.0,-9563.0
950,18,1874,"IND",190.0,-5427.0
951,12,1875,"IND",-5185.0,-139.0
952,13,1877,"IND",-57.0,-347.0
953,21,1882,"IND",-10431.0,-10059.0
954,7,1885,"IND",-5308.0,5077.0
955,21,1888,"IND",-9682.0,-9635.0
956,5,1891,"IND",10445.0,10157.0
957,1,1892,"IND",-9929.0,9797.0
958,13,1894,"IND",194.0,-419.0
959,19,1895,"IND",4820.0,-5131.0
960,25,1896,"IND",9965.0,-9956.0
961,25,1897,"IND",9591.0,-9668.0
962,1,1899,"IND",-10286.0,10116.0
963,13,1900,"IND",340.0,-244.0
964,18,1901,"IND",467.0,-5452.0
965,21,1903,"IND",-9907.0,-10164.0
966,12,1904,"IND",-4784.0,-28.0
967,9,1905,"IND",4842.0,5260.0
968,13,1908,"IND",-30.0,52.0
969,5,1909,"IND",9595.0,10340.0
970,1,1911,"IND",-10282.0,10476.0
971,13,1912,"IND",344.0,-236.0
972,13,1914,"IND",472.0,-444.0
973,1,1915,"IND",-9903.0,9844.0
974,1,1916,"IND",-9779.0,9980.0
975,13,1917,"IND",-154.0,268.0
976,1,1919,"IND",-10044.0,10028.0
977,1,1920,"IND",-10418.0,10316.0
978,22,1922,"IND",-5295.0,-9900.0
979,21,1926,"IND",-9669.0,-9612.0
980,1,1928,"IND",-9541.0,9532.0
981,25,1929,"IND",10084.0,-10180.0
982,13,1931,"IND",207.0,-396.0
983,13,1933,"IND",-167.0,-108.0
984,18,1935,"IND",-39.0,-4964.0
985,21,1937,"IND",-10414.0,-9676.0
986,13,1940,"IND",-290.0,108.0
987,18,1947,"IND",335.0,-5252.0
988,5,1950,"IND",10463.0,9540.0
989,13,1951,"IND",88.0,-172.0
990,25,1952,"IND",10212.0,-10388.0
991,18,1963,"IND",-163.0,-4748.0
992,21,1965,"IND",-10017.0,-9573.0
993,1,1966,"IND",-10392.0,9715.0
994,13,1967,"IND",-268.0,499.0
995,25,1968,"IND",10357.0,-10213.0
996,5,1970,"IND",10485.0,9931.0
997,13,1971,"IND",110.0,219.0
998,13,1974,"IND",234.0,3.0
999,25,1975,"IND",9859.0,-9709.0
1000,1,1976,"IND",-10013.0,10435.0
1001,21,1977,"IND",-10387.0,-10277.0
1002,13,1980,"IND",-264.0,-493.0
1003,18,1981,"IND",362.0,-5205.0
1004,5,1985,"IND",10489.0,9939.0
1005,21,1986,"IND",-9885.0,-9773.0
1006,18,1987,"IND",238.0,-4989.0
1007,1,1988,"IND",-10136.0,9651.0
1008,18,1993,"IND",-26.0,-4940.0
1009,12,1994,"IND",-5401.0,-300.0
1010,13,1995,"IND",-277.0,484.0
1011,13,1996,"IND",348.0,-228.0
1012,1,1998,"IND",-9524.0,9564.0
1013,25,1999,"IND",10102.0,-9796.0
1014,12,2009,"IND",-4775.0,-12.0
1015,13,2010,"IND",-149.0,276.0
1016,12,2012,"IND",-5022.0,67.0
1017,25,2015,"IND",9604.0,-10293.0
1018,3,2017,"IND",-273.0,10491.0
1019,18,2018,"IND",353.0,-5221.0
1020,21,2021,"IND",-9519.0,-10077.0
1021,1,2022,"IND",-9894.0,10211.0
1022,13,2023,"IND",229.0,-5.0
1023,1,2025,"IND",-10145.0,10283.0
1024,13,2026,"IND",423.0,491.0
1025,13,2027,"IND",48.0,-221.0
1026,13,2028,"IND",172.0,-437.0
1027,13,2030,"IND",-203.0,203.0
1028,13,2031,"IND",-75.0,-5.0
1029,13,2032,"IND",-450.0,283.0
1030,13,2033,"IND",-326.0,67.0
1031,22,2036,"IND",-4701.0,-10293.0
1032,13,2037,"IND",427.0,499.0
1033,1,2039,"IND",-9947.0,9787.0
1034,13,2040,"IND",176.0,-429.0
1035,5,2041,"IND",9802.0,10211.0
1036,12,2044,"IND",-5071.0,3.0
1037,13,2046,"IND",-445.0,291.0
1038,18,2047,"IND",-322.0,-4573.0
1039,18,2048,"IND",304.0,-5285.0
1040,13,2054,"IND",414.0,475.0
1041,13,2055,"IND",39.0,-237.0
1042,5,2059,"IND",10163.0,9547.0
1043,5,2062,"IND",9788.0,9835.0
1044,25,2063,"IND",9916.0,-10021.0
1045,13,2064,"IND",-458.0,267.0
1046,13,2065,"IND",-335.0,51.0
1047,15,2067,"IND",10291.0,339.0
1048,5,2068,"IND",10418.0,10483.0
1049,5,2071,"IND",10044.0,9771.0
1050,25,2074,"IND",10167.0,-10445.0
1051,25,2076,"IND",9793.0,-10157.0
1052,13,2080,"IND",-80.0,-13.0
1053,5,2081,"IND",9546.0,10275.0
1054,18,2082,"IND",-331.0,-4941.0
1055,25,2087,"IND",10295.0,-9653.0
1056,21,2090,"IND",-9560.0,-10478.0
1057,12,2092,"IND",-4934.0,162.0
1058,1,2093,"IND",-9811.0,9946.0
1059,21,2095,"IND",-10185.0,-9766.0
1060,13,2099,"IND",-58.0,378.0
1061,18,2100,"IND",-432.0,-5334.0
1062,13,2102,"IND",-309.0,450.0
1063,12,2103,"IND",-4683.0,-262.0
1064,18,2105,"IND",445.0,-5118.0
1065,13,2106,"IND",70.0,170.0
1066,25,2112,"IND",10194.0,-10046.0
1067,18,2113,"IND",-181.0,-4758.0
1068,13,2119,"IND",-53.0,386.0
1069,5,2120,"IND",9572.0,9674.0
1070,18,2121,"IND",-304.0,-4542.0
1071,13,2122,"IND",321.0,-254.0
1072,25,2128,"IND",10431.0,-10493.0
1073,18,2129,"IND",57.0,-5205.0
1074,13,2130,"IND",180.0,-69.0
1075,5,2131,"IND",9806.0,10219.0
1076,19,2132,"IND",4934.0,-4989.0
1077,13,2133,"IND",-441.0,299.0
1078,12,2136,"IND",-5317.0,435.0
1079,18,2138,"IND",308.0,-5277.0
1080,21,2139,"IND",-9564.0,-10485.0
1081,13,2140,"IND",61.0,155.0
1082,13,2142,"IND",185.0,-61.0
1083,1,2146,"IND",-10190.0,10227.0
1084,5,2148,"IND",9938.0,10018.0
1085,5,2149,"IND",9564.0,9658.0
1086,12,2151,"IND",-5313.0,442.0
1087,13,2152,"IND",313.0,-270.0
1088,1,2155,"IND",-9542.0,9906.0
1089,21,2156,"IND",-9917.0,-9806.0
1090,25,2157,"IND",10207.0,-9670.0
1091,21,2158,"IND",-10168.0,-10382.0
1092,18,2161,"IND",-40.0,-4590.0
1093,1,2162,"IND",-10414.0,9698.0
1094,13,2164,"IND",-291.0,-166.0
1095,18,2166,"IND",335.0,-4878.0
1096,5,2167,"IND",10462.0,9914.0
1097,13,2168,"IND",88.0,202.0
1098,13,2169,"IND",211.0,338.0
1099,5,2171,"IND",9837.0,9626.0
1100,13,2172,"IND",-36.0,417.0
1101,5,2177,"IND",9590.0,10057.0
1102,13,2178,"IND",-287.0,-158.0
1103,1,2181,"IND",-9661.0,10129.0
1104,13,2183,"IND",449.0,-110.0
1105,1,2184,"IND",-9925.0,10178.0
1106,13,2188,"IND",198.0,-38.0
1107,21,2189,"IND",-10176.0,-9750.0
1108,25,2191,"IND",9951.0,-9606.0
1109,1,2192,"IND",-10423.0,9682.0
1110,25,2193,"IND",9700.0,-9534.0
1111,5,2197,"IND",10326.0,10106.0
1112,13,2202,"IND",453.0,-102.0
1113,13,2205,"IND",79.0,186.0
1114,12,2206,"IND",-4798.0,-30.0
1115,13,2208,"IND",-172.0,-390.0
1116,18,2212,"IND",-44.0,-4598.0
1117,13,2213,"IND",-419.0,-310.0
1118,25,2214,"IND",9705.0,-9526.0
1119,13,2216,"IND",330.0,114.0
1120,25,2217,"IND",10475.0,-9711.0
1121,5,2218,"IND",10101.0,9577.0
1122,21,2219,"IND",-9776.0,-9639.0
1123,21,2223,"IND",-10150.0,-10351.0
1124,5,2224,"IND",9978.0,9793.0
1125,12,2226,"IND",-5397.0,81.0
1126,13,2227,"IND",-273.0,-135.0
1127,21,2228,"IND",-9648.0,-9847.0
1128,13,2229,"IND",480.0,297.0
1129,1,2230,"IND",-9895.0,9585.0
1130,25,2231,"IND",10229.0,-9631.0
1131,13,2232,"IND",-146.0,9.0
1132,13,2234,"IND",-18.0,-199.0
1133,13,2239,"IND",-392.0,89.0
1134,13,2240,"IND",-269.0,-127.0
1135,20,2241,"IND",10357.0,-5487.0
1136,13,2245,"IND",467.0,-79.0
1137,5,2246,"IND",10092.0,9561.0
1138,12,2247,"IND",-4784.0,345.0
1139,6,2249,"IND",-10159.0,4633.0
1140,12,2251,"IND",-5031.0,425.0
1141,18,2259,"IND",-406.0,-4935.0
1142,5,2262,"IND",9718.0,9849.0
1143,21,2264,"IND",-9657.0,-9863.0
1144,13,2266,"IND",471.0,-71.0
1145,25,2267,"IND",10097.0,-10431.0
1146,13,2271,"IND",220.0,353.0
1147,25,2272,"IND",9846.0,-10359.0
1148,13,2273,"IND",-27.0,-215.0
1149,21,2274,"IND",-10401.0,-9927.0
1150,13,2277,"IND",-278.0,-143.0
1151,13,2279,"IND",348.0,145.0
1152,13,2281,"IND",352.0,310.0
1153,13,2282,"IND",-22.0,-50.0
1154,13,2284,"IND",101.0,-266.0
1155,13,2286,"IND",-273.0,22.0
1156,21,2289,"IND",-10146.0,-10186.0
1157,1,2290,"IND",-9520.0,10454.0
1158,25,2295,"IND",9603.0,-9762.0
1159,18,2296,"IND",229.0,-5474.0
1160,5,2297,"IND",10357.0,9669.0
1161,12,2298,"IND",-5018.0,-43.0
1162,12,2303,"IND",-4894.0,-259.0
1163,4,2304,"IND",4731.0,10029.0
1164,5,2307,"IND",9859.0,10173.0
1165,5,2310,"IND",10484.0,10461.0
1166,13,2311,"IND",-392.0,245.0
1167,13,2313,"IND",233.0,-467.0
1168,13,2314,"IND",343.0,294.0
1169,25,2315,"IND",9969.0,-10418.0
1170,13,2317,"IND",92.0,-282.0
1171,13,2318,"IND",-282.0,6.0
1172,13,2321,"IND",-154.0,-202.0
1173,1,2323,"IND",-9529.0,10086.0
1174,13,2326,"IND",-405.0,222.0
1175,18,2329,"IND",220.0,-5490.0
1176,12,2330,"IND",-4652.0,302.0
1177,1,2333,"IND",-10027.0,9942.0
1178,18,2337,"IND",97.0,-5274.0
1179,25,2338,"IND",9722.0,-9986.0
1180,13,2339,"IND",-150.0,-194.0
1181,21,2340,"IND",-9524.0,-9554.0
1182,13,2352,"IND",-401.0,230.0
1183,13,2353,"IND",225.0,-482.0
1184,12,2354,"IND",-4630.0,-307.0
1185,13,2356,"IND",-5.0,-19.0
1186,21,2359,"IND",-9881.0,-10235.0
1187,25,2364,"IND",9744.0,-9595.0
1188,13,2368,"IND",-128.0,197.0
1189,13,2370,"IND",498.0,485.0
1190,21,2373,"IND",-10379.0,-10379.0
1191,13,2374,"IND",247.0,-91.0
1192,13,2378,"IND",374.0,-299.0
1193,25,2382,"IND",10000.0,-10011.0
1194,25,2385,"IND",10123.0,-9875.0
1195,12,2386,"IND",-5251.0,413.0
1196,13,2387,"IND",-124.0,205.0
1197,13,2390,"IND",-498.0,493.0
1198,13,2394,"IND",-375.0,-371.0
1199,13,2395,"IND",251.0,-83.0
1200,1,2398,"IND",-9639.0,9677.0
1201,13,2399,"IND",-13.0,-35.0
1202,21,2400,"IND",-9890.0,-10251.0
1203,25,2402,"IND",9736.0,-9963.0
1204,5,2403,"IND",9863.0,10181.0
1205,13,2405,"IND",489.0,469.0
1206,13,2409,"IND",-388.0,253.0
1207,18,2411,"IND",238.0,-5459.0
1208,5,2412,"IND",10365.0,9685.0
1209,13,2413,"IND",-9.0,-27.0
1210,13,2415,"IND",114.0,-243.0
1211,25,2417,"IND",9740.0,-9603.0
1212,13,2420,"IND",-132.0,189.0
1213,1,2421,"IND",-9507.0,10477.0
1214,25,2423,"IND",9617.0,-9739.0
1215,12,2425,"IND",-4758.0,-99.0
1216,25,2427,"IND",10387.0,-9924.0
1217,12,2430,"IND",-4987.0,364.0
1218,13,2431,"IND",136.0,148.0
1219,18,2433,"IND",-238.0,-4564.0
1220,16,2434,"IND",-10110.0,-5420.0
1221,21,2435,"IND",-10485.0,-10132.0
1222,13,2437,"IND",-361.0,-348.0
1223,12,2438,"IND",-4736.0,-60.0
1224,1,2439,"IND",-9608.0,10084.0
1225,21,2440,"IND",-9983.0,-9628.0
1226,25,2441,"IND",10141.0,-9844.0
1227,13,2443,"IND",-234.0,444.0
1228,1,2448,"IND",-10106.0,9588.0
1229,21,2451,"IND",-10480.0,-10124.0
1230,1,2454,"IND",-10357.0,9660.0
1231,21,2457,"IND",-9731.0,-9700.0
1232,21,2458,"IND",-9621.0,-10291.0
1233,12,2460,"IND",-4996.0,349.0
1234,13,2461,"IND",128.0,133.0
1235,25,2462,"IND",9753.0,-9579.0
1236,5,2466,"IND",9881.0,10213.0
1237,10,2467,"IND",9506.0,4853.0
1238,21,2468,"IND",-10370.0,-10363.0
1239,13,2469,"IND",255.0,-75.0
1240,1,2471,"IND",-9617.0,9716.0
1241,12,2472,"IND",-4991.0,356.0
1242,25,2477,"IND",10132.0,-9859.0
1243,1,2479,"IND",-10242.0,10428.0
1244,21,2481,"IND",-10115.0,-10428.0
1245,21,2483,"IND",-10489.0,-10140.0
1246,21,2486,"IND",-10366.0,-10356.0
1247,5,2487,"IND",10260.0,9932.0
1248,5,2488,"IND",10405.0,10108.0
1249,18,2492,"IND",31.0,-4604.0
1250,18,2493,"IND",154.0,-5468.0
1251,5,2494,"IND",9780.0,9820.0
1252,18,2497,"IND",-93.0,-5388.0
1253,25,2499,"IND",9533.0,-9748.0
1254,1,2500,"IND",-10344.0,10036.0
1255,1,2502,"IND",-9718.0,10324.0
1256,1,2508,"IND",-9591.0,10116.0
1257,13,2509,"IND",35.0,-245.0
1258,13,2510,"IND",158.0,-460.0
1259,13,2513,"IND",-216.0,-172.0
1260,6,2515,"IND",-10088.0,4619.0
1261,1,2517,"IND",-10463.0,10259.0
1262,1,2518,"IND",-10339.0,10043.0
1263,21,2520,"IND",-9714.0,-9669.0
1264,13,2521,"IND",396.0,92.0
1265,1,2523,"IND",-9978.0,10380.0
1266,18,2526,"IND",145.0,-4836.0
1267,2,2527,"IND",-5229.0,9804.0
1268,1,2529,"IND",-10102.0,9596.0
1269,13,2530,"IND",-476.0,-116.0
1270,13,2535,"IND",-353.0,-332.0
1271,22,2542,"IND",-4727.0,-9692.0
1272,21,2543,"IND",-9599.0,-9900.0
1273,13,2544,"IND",26.0,388.0
1274,13,2545,"IND",150.0,-476.0
1275,21,2547,"IND",-10225.0,-10188.0
1276,5,2553,"IND",9903.0,9604.0
1277,12,2554,"IND",-5472.0,-108.0
1278,13,2555,"IND",-348.0,28.0
1279,13,2558,"IND",277.0,316.0
1280,1,2560,"IND",-9718.0,10480.0
1281,5,2562,"IND",9907.0,9768.0
1282,25,2563,"IND",10031.0,-10448.0
1283,13,2564,"IND",-344.0,192.0
1284,5,2565,"IND",9784.0,9984.0
1285,13,2567,"IND",410.0,272.0
1286,25,2568,"IND",9533.0,-9944.0
1287,25,2571,"IND",10159.0,-10304.0
1288,12,2572,"IND",-4714.0,488.0
1289,21,2573,"IND",-10088.0,-10224.0
1290,13,2575,"IND",35.0,-88.0
1291,21,2576,"IND",-10339.0,-9800.0
1292,21,2578,"IND",-10212.0,-10008.0
1293,21,2579,"IND",-9586.0,-9720.0
1294,18,2580,"IND",-463.0,-4584.0
1295,12,2581,"IND",-4837.0,-296.0
1296,5,2584,"IND",10273.0,10465.0
1297,13,2585,"IND",-101.0,-247.0
1298,1,2587,"IND",-9978.0,9537.0
1299,21,2589,"IND",-10352.0,-10175.0
1300,18,2590,"IND",-225.0,-5032.0
1301,13,2595,"IND",401.0,256.0
1302,5,2597,"IND",9524.0,10041.0
1303,1,2599,"IND",-9850.0,10328.0
1304,5,2601,"IND",10277.0,10472.0
1305,25,2602,"IND",9903.0,-10240.0
1306,21,2605,"IND",-9974.0,-10456.0
1307,13,2606,"IND",-348.0,184.0
1308,13,2607,"IND",-220.0,-24.0
1309,13,2609,"IND",405.0,264.0
1310,5,2611,"IND",9529.0,10048.0
1311,18,2612,"IND",154.0,-5312.0
1312,5,2613,"IND",10299.0,9864.0
1313,25,2616,"IND",9925.0,-9848.0
1314,1,2623,"IND",-9952.0,9936.0
1315,13,2624,"IND",-326.0,224.0
1316,5,2625,"IND",9802.0,10367.0
1317,21,2626,"IND",-9573.0,-10345.0
1318,25,2627,"IND",9551.0,-9560.0
1319,13,2633,"IND",176.0,-272.0
1320,18,2636,"IND",304.0,-5129.0
1321,25,2638,"IND",9929.0,-9841.0
1322,25,2641,"IND",10053.0,-10057.0
1323,18,2645,"IND",-322.0,-4769.0
1324,13,2646,"IND",-194.0,375.0
1325,13,2647,"IND",432.0,-337.0
1326,13,2650,"IND",-445.0,447.0
1327,12,2651,"IND",-4819.0,87.0
1328,21,2652,"IND",-9709.0,-9504.0
1329,18,2654,"IND",-84.0,-4864.0
1330,5,2655,"IND",10040.0,9920.0
1331,13,2656,"IND",-335.0,208.0
1332,21,2657,"IND",-10207.0,-10000.0
1333,21,2659,"IND",-9582.0,-10360.0
1334,13,2660,"IND",-458.0,424.0
1335,18,2661,"IND",167.0,-5288.0
1336,9,2664,"IND",5295.0,4504.0
1337,12,2668,"IND",-5079.0,144.0
1338,12,2669,"IND",-4956.0,-72.0
1339,13,2671,"IND",-330.0,216.0
1340,11,2673,"IND",-10203.0,8.0
1341,13,2674,"IND",423.0,-352.0
1342,11,2676,"IND",-10454.0,432.0
1343,13,2677,"IND",172.0,-280.0
1344,13,2678,"IND",317.0,-105.0
1345,25,2680,"IND",9943.0,-9817.0
1346,12,2681,"IND",-4934.0,319.0
1347,13,2685,"IND",-308.0,-393.0
1348,13,2686,"IND",-181.0,399.0
1349,13,2688,"IND",445.0,39.0
1350,19,2695,"IND",4568.0,-5177.0
1351,12,2696,"IND",-4806.0,111.0
1352,25,2699,"IND",10321.0,-10097.0
1353,13,2700,"IND",-53.0,-457.0
1354,18,2701,"IND",70.0,-4673.0
1355,18,2704,"IND",-304.0,-5385.0
1356,25,2711,"IND",9824.0,-9593.0
1357,13,2713,"IND",449.0,47.0
1358,18,2714,"IND",-427.0,-5169.0
1359,13,2718,"IND",198.0,119.0
1360,25,2721,"IND",10308.0,-10121.0
1361,1,2723,"IND",-10066.0,10167.0
1362,18,2725,"IND",57.0,-5049.0
1363,5,2726,"IND",9683.0,9591.0
1364,1,2727,"IND",-10190.0,10383.0
1365,13,2728,"IND",436.0,-329.0
1366,25,2729,"IND",9559.0,-9545.0
1367,12,2730,"IND",-4815.0,95.0
1368,5,2733,"IND",10313.0,9887.0
1369,1,2738,"IND",-10062.0,10175.0
1370,13,2742,"IND",62.0,-41.0
1371,21,2743,"IND",-10313.0,-10401.0
1372,12,2744,"IND",-5185.0,391.0
1373,18,2751,"IND",440.0,-5321.0
1374,1,2752,"IND",-10436.0,9815.0
1375,13,2757,"IND",189.0,103.0
1376,5,2758,"IND",10335.0,10278.0
1377,21,2759,"IND",-10040.0,-10434.0
1378,1,2761,"IND",-9916.0,10350.0
1379,5,2762,"IND",9709.0,9990.0
1380,21,2764,"IND",-10163.0,-10218.0
1381,13,2765,"IND",462.0,70.0
1382,13,2766,"IND",-414.0,-146.0
1383,13,2768,"IND",211.0,494.0
1384,5,2771,"IND",10339.0,10286.0
1385,21,2775,"IND",-10035.0,-10426.0
1386,1,2776,"IND",-9912.0,10358.0
1387,18,2777,"IND",-286.0,-5002.0
1388,25,2778,"IND",9841.0,-10210.0
1389,21,2779,"IND",-9533.0,-9922.0
1390,25,2781,"IND",9590.0,-10138.0
1391,13,2782,"IND",216.0,-498.0
1392,5,2785,"IND",10326.0,9911.0
1393,12,2791,"IND",-5049.0,-449.0
1394,25,2792,"IND",10075.0,-9665.0
1395,17,2794,"IND",-5300.0,-5377.0
1396,13,2799,"IND",-172.0,-233.0
1397,12,2801,"IND",-4546.0,54.0
1398,5,2804,"IND",9577.0,9839.0
1399,25,2807,"IND",10203.0,-9873.0
1400,13,2808,"IND",330.0,270.0
1401,13,2809,"IND",-44.0,-442.0
1402,5,2811,"IND",10079.0,10342.0
1403,13,2812,"IND",-295.0,-370.0
1404,13,2816,"IND",-168.0,-226.0
1405,12,2817,"IND",-4542.0,62.0
1406,1,2819,"IND",-10419.0,9846.0
1407,5,2823,"IND",10207.0,10134.0
1408,5,2824,"IND",10211.0,9651.0
1409,16,2825,"IND",-10163.0,-5061.0
1410,12,2830,"IND",-5040.0,-277.0
1411,18,2831,"IND",-414.0,-4989.0
1412,25,2833,"IND",9714.0,-9845.0
1413,13,2834,"IND",339.0,443.0
1414,1,2835,"IND",-9537.0,10227.0
1415,21,2836,"IND",-9912.0,-10485.0
1416,1,2837,"IND",-9784.0,9659.0
1417,13,2840,"IND",-159.0,-53.0
1418,13,2841,"IND",-35.0,-269.0
1419,13,2842,"IND",-410.0,19.0
1420,13,2843,"IND",-282.0,163.0
1421,18,2844,"IND",344.0,-4549.0
1422,21,2846,"IND",-9533.0,-9765.0
1423,5,2848,"IND",10093.0,9523.0
1424,13,2850,"IND",203.0,283.0
1425,25,2852,"IND",9828.0,-10429.0
1426,12,2853,"IND",-5048.0,-293.0
1427,13,2860,"IND",-423.0,-5.0
1428,5,2861,"IND",9705.0,9787.0
1429,25,2863,"IND",10330.0,-9573.0
1430,12,2864,"IND",-4546.0,211.0
1431,12,2869,"IND",-4921.0,499.0
1432,25,2870,"IND",10207.0,-9709.0
1433,13,2875,"IND",-167.0,-69.0
1434,5,2876,"IND",9956.0,9715.0
1435,1,2877,"IND",-10418.0,10003.0
1436,4,2878,"IND",4709.0,9795.0
1437,12,2879,"IND",-4665.0,435.0
1438,1,2880,"IND",-9542.0,10219.0
1439,21,2881,"IND",-9916.0,-10493.0
1440,12,2884,"IND",-4771.0,-318.0
1441,25,2885,"IND",9855.0,-10030.0
1442,18,2887,"IND",-22.0,-4894.0
1443,25,2888,"IND",9604.0,-9606.0
1444,13,2890,"IND",-269.0,186.0
1445,21,2894,"IND",-9643.0,-9526.0
1446,12,2896,"IND",-4520.0,-390.0
1447,5,2899,"IND",10106.0,9898.0
1448,13,2904,"IND",233.0,-310.0
1449,13,2905,"IND",-141.0,330.0
1450,12,2906,"IND",-5018.0,114.0
1451,1,2908,"IND",-10392.0,10402.0
1452,25,2909,"IND",9736.0,-9806.0
1453,25,2912,"IND",10361.0,-10166.0
1454,5,2913,"IND",10485.0,9618.0
1455,18,2916,"IND",110.0,-5094.0
1456,25,2918,"IND",10220.0,-10334.0
1457,5,2922,"IND",9846.0,9954.0
1458,13,2923,"IND",-31.0,-261.0
1459,13,2924,"IND",-405.0,379.0
1460,13,2927,"IND",-278.0,170.0
1461,5,2928,"IND",10348.0,10458.0
1462,13,2929,"IND",471.0,242.0
1463,1,2931,"IND",-9903.0,9882.0
1464,13,2932,"IND",225.0,-326.0
1465,1,2937,"IND",-10150.0,9962.0
1466,13,2938,"IND",-26.0,-254.0
1467,12,2942,"IND",-5401.0,386.0
1468,1,2943,"IND",-10273.0,10178.0
1469,18,2944,"IND",352.0,-4534.0
1470,13,2945,"IND",476.0,-398.0
1471,18,2946,"IND",101.0,-5110.0
1472,25,2947,"IND",10247.0,-9934.0
1473,13,2948,"IND",-128.0,354.0
1474,5,2950,"IND",9996.0,10138.0
1475,21,2953,"IND",-10379.0,-9574.0
1476,13,2954,"IND",-251.0,-431.0
1477,13,2956,"IND",374.0,-143.0
1478,5,2957,"IND",10498.0,9641.0
1479,21,2962,"IND",-9877.0,-9719.0
1480,5,2963,"IND",10251.0,10073.0
1481,5,2964,"IND",9877.0,10361.0
1482,13,2967,"IND",0.0,145.0
1483,13,2969,"IND",-374.0,-215.0
1484,17,2971,"IND",-5247.0,-5423.0
1485,5,2972,"IND",10379.0,9865.0
1486,25,2973,"IND",9502.0,-10351.0
1487,12,2974,"IND",-4872.0,289.0
1488,5,2975,"IND",10238.0,9698.0
1489,21,2980,"IND",-10137.0,-9662.0
1490,13,2981,"IND",-13.0,122.0
1491,1,2982,"IND",-10388.0,10410.0
1492,5,2983,"IND",9740.0,9554.0
1493,1,2984,"IND",-9634.0,9842.0
1494,18,2985,"IND",489.0,-5374.0
1495,5,2986,"IND",10115.0,9914.0
1496,11,2987,"IND",-9758.0,58.0
1497,13,2989,"IND",-132.0,346.0
1498,12,2991,"IND",-5009.0,130.0
1499,12,2993,"IND",-5383.0,418.0
1500,13,2994,"IND",-256.0,-438.0
1501,13,2997,"IND",370.0,-150.0
1502,13,2999,"IND",493.0,-366.0
1503,13,3001,"IND",119.0,-78.0
1504,1,3004,"IND",-9736.0,10097.0
1505,5,3006,"IND",9890.0,9737.0
1506,5,3007,"IND",10013.0,9521.0
1507,13,3008,"IND",-361.0,-191.0
1508,25,3009,"IND",9766.0,-10399.0
1509,5,3011,"IND",10392.0,10241.0
1510,24,3012,"IND",4515.0,-9975.0
1511,12,3013,"IND",-4859.0,313.0
1512,5,3014,"IND",10269.0,10105.0
1513,13,3016,"IND",-106.0,-255.0
1514,13,3017,"IND",18.0,-471.0
1515,25,3021,"IND",9643.0,-10183.0
1516,25,3022,"IND",9771.0,-10039.0
1517,5,3025,"IND",10396.0,10249.0
1518,13,3028,"IND",-480.0,33.0
1519,3,3031,"IND",145.0,10321.0
1520,7,3034,"IND",-4745.0,5081.0
1521,21,3035,"IND",-10119.0,-9631.0
1522,25,3037,"IND",10004.0,-9847.0
1523,5,3039,"IND",9630.0,9793.0
1524,5,3041,"IND",9758.0,9585.0
1525,13,3044,"IND",383.0,-127.0
1526,13,3045,"IND",-493.0,9.0
1527,5,3046,"IND",10132.0,10297.0
1528,13,3047,"IND",260.0,89.0
1529,13,3048,"IND",-115.0,377.0
1530,13,3049,"IND",9.0,-487.0
1531,18,3051,"IND",-366.0,-5199.0
1532,13,3052,"IND",-238.0,-407.0
1533,13,3053,"IND",388.0,233.0
1534,21,3058,"IND",-10489.0,-9983.0
1535,13,3059,"IND",137.0,305.0
1536,13,3060,"IND",-296.0,-487.0
1537,13,3061,"IND",330.0,-199.0
1538,13,3063,"IND",453.0,-415.0
1539,13,3064,"IND",79.0,-127.0
1540,1,3066,"IND",-9794.0,10017.0
1541,13,3067,"IND",-168.0,305.0
1542,12,3069,"IND",-5045.0,89.0
1543,21,3070,"IND",-10419.0,-9623.0
1544,13,3073,"IND",-291.0,-480.0
1545,1,3077,"IND",-9666.0,9808.0
1546,13,3078,"IND",458.0,-408.0
1547,13,3080,"IND",83.0,-120.0
1548,13,3081,"IND",211.0,24.0
1549,5,3082,"IND",9836.0,10312.0
1550,13,3085,"IND",-40.0,96.0
1551,13,3088,"IND",-415.0,-264.0
1552,12,3090,"IND",-5305.0,145.0
1553,13,3091,"IND",321.0,-215.0
1554,1,3094,"IND",-9556.0,9569.0
1555,25,3095,"IND",10070.0,-10143.0
1556,18,3096,"IND",198.0,-5351.0
1557,5,3098,"IND",9823.0,10289.0
1558,12,3099,"IND",-5053.0,73.0
1559,5,3100,"IND",9572.0,10361.0
1560,21,3102,"IND",-10300.0,-9847.0
1561,25,3103,"IND",10325.0,-10207.0
1562,13,3105,"IND",449.0,-423.0
1563,5,3107,"IND",10074.0,9865.0
1564,13,3108,"IND",202.0,-343.0
1565,21,3110,"IND",-10172.0,-9703.0
1566,13,3112,"IND",-49.0,81.0
1567,1,3116,"IND",-10424.0,10369.0
1568,21,3117,"IND",-10278.0,-10456.0
1569,14,3120,"IND",5347.0,-168.0
1570,12,3121,"IND",-4529.0,-32.0
1571,18,3122,"IND",96.0,-4744.0
1572,12,3123,"IND",-4776.0,48.0
1573,19,3125,"IND",4850.0,-5312.0
1574,5,3127,"IND",9973.0,10472.0
1575,1,3128,"IND",-10402.0,9760.0
1576,13,3129,"IND",-274.0,-448.0
1577,13,3132,"IND",352.0,192.0
1578,13,3133,"IND",475.0,-24.0
1579,12,3135,"IND",-4899.0,264.0
1580,13,3136,"IND",228.0,56.0
1581,1,3138,"IND",-10146.0,9696.0
1582,25,3139,"IND",9977.0,-9520.0
1583,13,3143,"IND",-397.0,-232.0
1584,12,3146,"IND",-5287.0,-472.0
1585,13,3152,"IND",339.0,-184.0
1586,13,3155,"IND",462.0,-400.0
1587,5,3158,"IND",10087.0,10240.0
1588,5,3159,"IND",10215.0,10032.0
1589,5,3160,"IND",9841.0,10320.0
1590,13,3161,"IND",-36.0,104.0
1591,21,3164,"IND",-10410.0,-10256.0
1592,12,3165,"IND",-5283.0,-464.0
1593,12,3166,"IND",-4657.0,-176.0
1594,5,3168,"IND",10466.0,9608.0
1595,12,3171,"IND",-4908.0,248.0
1596,12,3174,"IND",-4780.0,40.0
1597,1,3176,"IND",-10155.0,10328.0
1598,7,3183,"IND",-5031.0,5464.0
1599,13,3186,"IND",-406.0,-248.0
1600,10,3187,"IND",9739.0,4927.0
1601,13,3190,"IND",365.0,215.0
1602,21,3192,"IND",-9512.0,-10001.0
1603,12,3196,"IND",-4886.0,-361.0
1604,25,3205,"IND",10242.0,-9569.0
1605,1,3206,"IND",-10133.0,9719.0
1606,13,3207,"IND",-9.0,-497.0
1607,13,3210,"IND",-384.0,143.0
1608,13,3211,"IND",-256.0,-65.0
1609,13,3213,"IND",369.0,223.0
1610,13,3214,"IND",493.0,7.0
1611,12,3215,"IND",-4882.0,-353.0
1612,25,3216,"IND",10246.0,-9561.0
1613,12,3217,"IND",-5128.0,-273.0
1614,18,3220,"IND",-5.0,-5489.0
1615,18,3221,"IND",-380.0,-4849.0
1616,13,3223,"IND",-269.0,-440.0
1617,18,3226,"IND",356.0,-4800.0
1618,13,3227,"IND",480.0,-16.0
1619,1,3228,"IND",-9895.0,10272.0
1620,13,3229,"IND",233.0,416.0
1621,17,3230,"IND",-5142.0,-5296.0
1622,13,3233,"IND",-18.0,488.0
1623,13,3234,"IND",-393.0,-224.0
1624,18,3237,"IND",-265.0,-5081.0
1625,13,3238,"IND",361.0,207.0
1626,13,3239,"IND",484.0,-8.0
1627,25,3240,"IND",10109.0,-9721.0
1628,18,3242,"IND",237.0,-4577.0
1629,5,3248,"IND",9863.0,9711.0
1630,18,3249,"IND",-14.0,-4505.0
1631,13,3252,"IND",-388.0,-217.0
1632,5,3253,"IND",9757.0,9959.0
1633,21,3254,"IND",-9617.0,-10401.0
1634,21,3256,"IND",-10494.0,-9617.0
1635,21,3261,"IND",-9869.0,-10329.0
1636,25,3262,"IND",10259.0,-9537.0
1637,13,3264,"IND",-115.0,103.0
1638,12,3265,"IND",-4992.0,-113.0
1639,13,3267,"IND",-366.0,175.0
1640,13,3268,"IND",-239.0,318.0
1641,13,3270,"IND",387.0,-394.0
1642,13,3271,"IND",-490.0,391.0
1643,21,3274,"IND",-9864.0,-10321.0
1644,13,3275,"IND",264.0,-178.0
1645,13,3278,"IND",-111.0,110.0
1646,25,3280,"IND",10013.0,-10106.0
1647,18,3282,"IND",-362.0,-4818.0
1648,13,3283,"IND",-252.0,-57.0
1649,13,3284,"IND",374.0,231.0
1650,13,3289,"IND",497.0,367.0
1651,18,3290,"IND",123.0,-5345.0
1652,21,3292,"IND",-9750.0,-9553.0
1653,13,3293,"IND",-124.0,-265.0
1654,21,3294,"IND",-10001.0,-10129.0
1655,13,3295,"IND",-375.0,159.0
1656,25,3301,"IND",9753.0,-10049.0
1657,25,3304,"IND",10378.0,-10409.0
1658,13,3306,"IND",-498.0,375.0
1659,5,3309,"IND",10127.0,9663.0
1660,13,3310,"IND",255.0,455.0
1661,1,3311,"IND",-10120.0,10095.0
1662,13,3313,"IND",4.0,-121.0
1663,13,3316,"IND",-371.0,167.0
1664,18,3318,"IND",-366.0,-4669.0
1665,5,3321,"IND",10259.0,9619.0
1666,5,3325,"IND",10383.0,9755.0
1667,18,3328,"IND",8.0,-4957.0
1668,25,3329,"IND",10136.0,-10165.0
1669,1,3330,"IND",-10238.0,10123.0
1670,13,3333,"IND",-115.0,259.0
1671,25,3335,"IND",9510.0,-10453.0
1672,15,3336,"IND",9638.0,339.0
1673,13,3337,"IND",264.0,-21.0
1674,13,3338,"IND",387.0,-237.0
1675,13,3339,"IND",13.0,51.0
1676,5,3341,"IND",10140.0,9843.0
1677,13,3342,"IND",-234.0,483.0
1678,21,3343,"IND",-10111.0,-9733.0
1679,13,3344,"IND",-485.0,-445.0
1680,21,3345,"IND",-10375.0,-9684.0
1681,21,3346,"IND",-9749.0,-10396.0
1682,12,3350,"IND",-4626.0,388.0
1683,25,3354,"IND",10000.0,-9972.0
1684,13,3356,"IND",127.0,-181.0
1685,21,3357,"IND",-10247.0,-9893.0
1686,12,3359,"IND",-5124.0,-109.0
1687,18,3362,"IND",-498.0,-5469.0
1688,21,3365,"IND",-10371.0,-9677.0
1689,12,3366,"IND",-4745.0,-389.0
1690,13,3367,"IND",378.0,395.0
1691,1,3371,"IND",-9996.0,10035.0
1692,18,3372,"IND",132.0,-5173.0
1693,25,3373,"IND",9757.0,-9885.0
1694,13,3374,"IND",-119.0,251.0
1695,13,3375,"IND",-494.0,-461.0
1696,18,3378,"IND",-349.0,-5285.0
1697,12,3382,"IND",-4723.0,3.0
1698,5,3385,"IND",10400.0,9787.0
1699,21,3386,"IND",-9974.0,-9925.0
1700,5,3388,"IND",10154.0,10218.0
1701,13,3389,"IND",-221.0,-494.0
1702,13,3390,"IND",-97.0,291.0
1703,18,3393,"IND",-472.0,-5070.0
1704,5,3395,"IND",9656.0,9722.0
1705,25,3396,"IND",10281.0,-9990.0
1706,13,3397,"IND",405.0,-206.0
1707,13,3399,"IND",30.0,434.0
1708,1,3401,"IND",-9842.0,10226.0
1709,21,3402,"IND",-10216.0,-10486.0
1710,25,3403,"IND",9907.0,-9702.0
1711,13,3404,"IND",-468.0,-62.0
1712,1,3406,"IND",-10357.0,10347.0
1713,5,3407,"IND",10268.0,9987.0
1714,13,3409,"IND",392.0,-229.0
1715,18,3410,"IND",17.0,-4941.0
1716,5,3411,"IND",10145.0,10203.0
1717,21,3412,"IND",-10230.0,-9509.0
1718,18,3413,"IND",-106.0,-4725.0
1719,21,3414,"IND",-10481.0,-10437.0
1720,21,3415,"IND",-10353.0,-10293.0
1721,12,3417,"IND",-4727.0,-5.0
1722,13,3419,"IND",396.0,-221.0
1723,24,3423,"IND",5021.0,-9933.0
1724,18,3425,"IND",149.0,-4789.0
1725,18,3427,"IND",-225.0,-4501.0
1726,13,3430,"IND",-102.0,283.0
1727,25,3433,"IND",9524.0,-10429.0
1728,5,3437,"IND",9669.0,9746.0
1729,5,3439,"IND",10295.0,10386.0
1730,13,3440,"IND",418.0,170.0
1731,25,3441,"IND",10043.0,-9542.0
1732,13,3444,"IND",171.0,250.0
1733,13,3445,"IND",-203.0,-110.0
1734,18,3450,"IND",-80.0,-5326.0
1735,13,3451,"IND",-454.0,-38.0
1736,13,3452,"IND",-327.0,-246.0
1737,13,3454,"IND",299.0,394.0
1738,1,3457,"IND",-9578.0,10178.0
1739,21,3460,"IND",-9952.0,-9534.0
1740,5,3462,"IND",10176.0,9610.0
1741,12,3463,"IND",-5199.0,-102.0
1742,5,3467,"IND",9925.0,9682.0
1743,5,3470,"IND",9550.0,9970.0
1744,13,3471,"IND",-340.0,-270.0
1745,12,3472,"IND",-4714.0,18.0
1746,5,3473,"IND",10409.0,10154.0
1747,19,3476,"IND",5035.0,-4558.0
1748,13,3478,"IND",162.0,234.0
1749,12,3481,"IND",-5212.0,-478.0
1750,12,3482,"IND",-5089.0,-342.0
1751,18,3483,"IND",-463.0,-5054.0
1752,13,3485,"IND",-335.0,-262.0
1753,12,3488,"IND",-4710.0,26.0
1754,12,3490,"IND",-4586.0,162.0
1755,5,3491,"IND",10039.0,10450.0
1756,5,3493,"IND",10167.0,10242.0
1757,1,3496,"IND",-10208.0,9882.0
1758,25,3498,"IND",9916.0,-10334.0
1759,12,3501,"IND",-5459.0,-46.0
1760,17,3502,"IND",-5313.0,-4871.0
1761,25,3504,"IND",10312.0,-9583.0
1762,1,3506,"IND",-9564.0,10201.0
1763,18,3509,"IND",61.0,-5159.0
1764,13,3512,"IND",189.0,-367.0
1765,18,3513,"IND",-186.0,-5079.0
1766,5,3516,"IND",9938.0,9705.0
1767,21,3519,"IND",-10437.0,-9655.0
1768,21,3520,"IND",-10309.0,-9863.0
1769,5,3524,"IND",10317.0,10425.0
1770,12,3526,"IND",-4560.0,-439.0
1771,21,3527,"IND",-9935.0,-10151.0
1772,13,3535,"IND",193.0,-359.0
1773,1,3538,"IND",-10181.0,9929.0
1774,13,3540,"IND",-58.0,65.0
1775,13,3541,"IND",-432.0,353.0
1776,25,3542,"IND",9678.0,-9886.0
1777,13,3545,"IND",303.0,402.0
1778,13,3547,"IND",427.0,186.0
1779,25,3548,"IND",10052.0,-9526.0
1780,12,3550,"IND",-4820.0,-383.0
1781,21,3551,"IND",-10194.0,-10095.0
1782,13,3554,"IND",-71.0,-310.0
1783,13,3557,"IND",-446.0,-22.0
1784,23,3558,"IND",-318.0,-9879.0
1785,5,3561,"IND",10308.0,10409.0
1786,13,3562,"IND",431.0,193.0
1787,13,3563,"IND",57.0,-167.0
1788,13,3565,"IND",184.0,-375.0
1789,13,3566,"IND",-190.0,-87.0
1790,25,3567,"IND",9933.0,-10303.0
1791,1,3568,"IND",-10441.0,10337.0
1792,21,3569,"IND",-10437.0,-10498.0
1793,1,3573,"IND",-9811.0,9790.0
1794,1,3574,"IND",-9688.0,9574.0
1795,25,3575,"IND",9938.0,-10138.0
1796,18,3577,"IND",66.0,-4994.0
1797,21,3580,"IND",-10309.0,-9706.0
1798,13,3586,"IND",-185.0,78.0
1799,2,3588,"IND",-4560.0,10366.0
1800,12,3590,"IND",-5432.0,-490.0
1801,1,3591,"IND",-9807.0,9798.0
1802,21,3592,"IND",-9683.0,-10418.0
1803,25,3597,"IND",9942.0,-9778.0
1804,13,3599,"IND",70.0,14.0
1805,1,3600,"IND",-10304.0,10302.0
1806,18,3601,"IND",-181.0,-4914.0
1807,21,3602,"IND",-9555.0,-10274.0
1808,21,3605,"IND",-10445.0,-9866.0
1809,1,3607,"IND",-9820.0,9774.0
1810,13,3608,"IND",304.0,-442.0
1811,21,3611,"IND",-10071.0,-10154.0
1812,21,3612,"IND",-9943.0,-10362.0
1813,18,3613,"IND",-318.0,-4722.0
1814,25,3615,"IND",9806.0,-9938.0
1815,13,3616,"IND",431.0,350.0
1816,21,3619,"IND",-10441.0,-9506.0
1817,21,3623,"IND",-9815.0,-10218.0
1818,13,3626,"IND",308.0,-434.0
1819,1,3627,"IND",-10066.0,9854.0
1820,12,3630,"IND",-4939.0,-2.0
1821,8,3633,"IND",-313.0,5286.0
1822,13,3634,"IND",-190.0,70.0
1823,12,3639,"IND",-4564.0,358.0
1824,1,3642,"IND",-10419.0,9533.0
1825,5,3643,"IND",10207.0,10173.0
1826,18,3644,"IND",330.0,-5043.0
1827,21,3646,"IND",-10044.0,-9755.0
1828,12,3647,"IND",-4917.0,37.0
1829,13,3648,"IND",-291.0,-323.0
1830,13,3649,"IND",-168.0,461.0
1831,25,3650,"IND",10458.0,-10251.0
1832,13,3651,"IND",-415.0,-459.0
1833,1,3653,"IND",-9789.0,10181.0
1834,1,3655,"IND",-9666.0,9965.0
1835,13,3658,"IND",-40.0,253.0
1836,13,3661,"IND",88.0,397.0
1837,18,3665,"IND",-287.0,-5315.0
1838,3,3674,"IND",-163.0,10469.0
1839,18,3677,"IND",462.0,-5243.0
1840,13,3678,"IND",-428.0,-483.0
1841,1,3681,"IND",-9802.0,9805.0
1842,13,3682,"IND",321.0,-410.0
1843,25,3684,"IND",9947.0,-9770.0
1844,13,3685,"IND",74.0,21.0
1845,1,3688,"IND",-10300.0,10309.0
1846,1,3689,"IND",-10177.0,10445.0
1847,18,3691,"IND",449.0,-5267.0
1848,13,3692,"IND",-423.0,-475.0
1849,1,3697,"IND",-9798.0,9813.0
1850,1,3700,"IND",-9674.0,9949.0
1851,25,3702,"IND",9951.0,-9763.0
1852,13,3703,"IND",79.0,29.0
1853,13,3707,"IND",-296.0,317.0
1854,18,3708,"IND",-172.0,-4547.0
1855,5,3709,"IND",10453.0,9741.0
1856,25,3711,"IND",9599.0,-10083.0
1857,13,3712,"IND",224.0,204.0
1858,13,3714,"IND",348.0,-11.0
1859,18,3717,"IND",-27.0,-5371.0
1860,13,3718,"IND",101.0,420.0
1861,12,3721,"IND",-5274.0,-292.0
1862,25,3722,"IND",9850.0,-9508.0
1863,21,3724,"IND",-9525.0,-9868.0
1864,21,3725,"IND",-10397.0,-10076.0
1865,5,3726,"IND",10229.0,10212.0
1866,5,3728,"IND",10352.0,10348.0
1867,5,3729,"IND",9978.0,9636.0
1868,21,3731,"IND",-9895.0,-9572.0
1869,1,3732,"IND",-10269.0,9716.0
1870,25,3733,"IND",9854.0,-10148.0
1871,12,3734,"IND",-4520.0,140.0
1872,21,3735,"IND",-10410.0,-10099.0
1873,18,3736,"IND",215.0,-4811.0
1874,18,3737,"IND",339.0,-5027.0
1875,5,3739,"IND",9964.0,10261.0
1876,12,3740,"IND",-4908.0,405.0
1877,12,3743,"IND",-5282.0,-307.0
1878,5,3744,"IND",9841.0,10477.0
1879,13,3746,"IND",467.0,-235.0
1880,13,3747,"IND",-406.0,-91.0
1881,18,3749,"IND",220.0,-4803.0
1882,13,3750,"IND",343.0,-19.0
1883,5,3751,"IND",9969.0,10269.0
1884,1,3753,"IND",-9904.0,10413.0
1885,21,3754,"IND",-10278.0,-10299.0
1886,21,3755,"IND",-10155.0,-9515.0
1887,18,3757,"IND",471.0,-4875.0
1888,5,3762,"IND",9616.0,10300.0
1889,18,3765,"IND",242.0,-5412.0
1890,12,3768,"IND",-4635.0,372.0
1891,5,3769,"IND",9991.0,9660.0
1892,5,3771,"IND",10118.0,9804.0
1893,25,3772,"IND",9744.0,-9908.0
1894,13,3775,"IND",-133.0,-124.0
1895,13,3776,"IND",493.0,164.0
1896,13,3778,"IND",-379.0,308.0
1897,13,3779,"IND",246.0,-404.0
1898,25,3780,"IND",10370.0,-9620.0
1899,13,3781,"IND",-5.0,-332.0
1900,25,3782,"IND",10123.0,-10188.0
1901,18,3783,"IND",-252.0,-4900.0
1902,2,3785,"IND",-5128.0,9884.0
1903,21,3786,"IND",-9503.0,-9828.0
1904,13,3788,"IND",-393.0,-68.0
1905,21,3790,"IND",-9767.0,-9780.0
1906,25,3791,"IND",10356.0,-9644.0
1907,25,3794,"IND",9982.0,-10356.0
1908,5,3797,"IND",10110.0,10436.0
1909,18,3798,"IND",-265.0,-4924.0
1910,25,3799,"IND",9859.0,-10140.0
1911,5,3800,"IND",10484.0,10148.0
1912,12,3802,"IND",-5388.0,-60.0
1913,13,3811,"IND",237.0,-420.0
1914,13,3812,"IND",361.0,364.0
1915,16,3813,"IND",-10014.0,-5348.0
1916,1,3817,"IND",-9886.0,10444.0
1917,13,3818,"IND",-260.0,84.0
1918,13,3820,"IND",-137.0,-132.0
1919,5,3822,"IND",10489.0,10156.0
1920,13,3823,"IND",493.0,320.0
1921,19,3824,"IND",5119.0,-5040.0
1922,1,3826,"IND",-9758.0,9744.0
1923,13,3827,"IND",-132.0,32.0
1924,21,3828,"IND",-10005.0,-10176.0
1925,21,3831,"IND",-10379.0,-9536.0
1926,12,3832,"IND",-5256.0,248.0
1927,13,3834,"IND",370.0,-464.0
1928,13,3835,"IND",497.0,328.0
1929,25,3837,"IND",10123.0,-10032.0
1930,13,3838,"IND",246.0,-248.0
1931,5,3839,"IND",9872.0,10040.0
1932,25,3840,"IND",10000.0,-10168.0
1933,13,3842,"IND",-375.0,472.0
1934,25,3844,"IND",9749.0,-9744.0
1935,13,3845,"IND",374.0,-456.0
1936,13,3846,"IND",484.0,305.0
1937,13,3848,"IND",110.0,-407.0
1938,13,3849,"IND",233.0,377.0
1939,21,3850,"IND",-10141.0,-9983.0
1940,21,3853,"IND",-10014.0,-10191.0
1941,13,3854,"IND",-388.0,97.0
1942,13,3856,"IND",-265.0,-119.0
1943,21,3857,"IND",-9639.0,-10479.0
1944,13,3859,"IND",489.0,313.0
1945,1,3860,"IND",-9886.0,9601.0
1946,13,3861,"IND",238.0,-263.0
1947,25,3862,"IND",9863.0,-9975.0
1948,3,3864,"IND",-9.0,9816.0
1949,12,3865,"IND",-5384.0,104.0
1950,18,3867,"IND",-260.0,-4759.0
1951,13,3871,"IND",365.0,-471.0
1952,25,3873,"IND",9511.0,-10296.0
1953,12,3874,"IND",-4864.0,-8.0
1954,13,3876,"IND",260.0,-224.0
1955,21,3878,"IND",-10115.0,-9584.0
1956,11,3880,"IND",-9987.0,208.0
1957,16,3882,"IND",-10362.0,-4504.0
1958,25,3885,"IND",9762.0,-9720.0
1959,21,3892,"IND",-9613.0,-10080.0
1960,25,3895,"IND",9515.0,-10288.0
1961,18,3896,"IND",141.0,-5000.0
1962,16,3897,"IND",-9736.0,-5216.0
1963,12,3908,"IND",-5110.0,424.0
1964,12,3910,"IND",-4983.0,216.0
1965,21,3911,"IND",-10357.0,-10497.0
1966,12,3912,"IND",-5234.0,-360.0
1967,12,3913,"IND",-4608.0,-72.0
1968,13,3915,"IND",-498.0,-312.0
1969,21,3916,"IND",-9873.0,-10024.0
1970,12,3919,"IND",-4749.0,-240.0
1971,13,3920,"IND",-124.0,48.0
1972,13,3921,"IND",4.0,192.0
1973,13,3922,"IND",-370.0,480.0
1974,5,3925,"IND",9753.0,10264.0
1975,18,3926,"IND",379.0,-5448.0
1976,12,3930,"IND",-5494.0,-304.0
1977,18,3931,"IND",132.0,-5016.0
1978,21,3932,"IND",-9745.0,-10232.0
1979,12,3933,"IND",-5119.0,56.0
1980,1,3938,"IND",-9992.0,10200.0
1981,13,3939,"IND",-366.0,488.0
1982,12,3940,"IND",-5243.0,272.0
1983,13,3941,"IND",383.0,-88.0
1984,13,3943,"IND",-472.0,-265.0
1985,25,3944,"IND",10154.0,-9625.0
1986,13,3954,"IND",277.0,159.0
1987,13,3955,"IND",-97.0,447.0
1988,13,3957,"IND",30.0,-409.0
1989,18,3960,"IND",-344.0,-5121.0
1990,12,3962,"IND",-5221.0,-337.0
1991,1,3963,"IND",-9595.0,9951.0
1992,1,3966,"IND",-10467.0,10095.0
1993,13,3967,"IND",158.0,383.0
1994,25,3968,"IND",10282.0,-9833.0
1995,12,3970,"IND",-5093.0,455.0
1996,13,3971,"IND",35.0,-401.0
1997,5,3972,"IND",9660.0,9887.0
1998,24,3973,"IND",4784.0,-10329.0
1999,25,3975,"IND",10409.0,-10041.0
2000,21,3976,"IND",-10481.0,-10281.0
2001,1,3977,"IND",-9855.0,10007.0
2002,12,3978,"IND",-4732.0,143.0
2003,13,3981,"IND",-106.0,431.0
2004,21,3982,"IND",-9978.0,-9777.0
2005,5,3984,"IND",9647.0,9863.0
2006,25,3985,"IND",9771.0,-10353.0
2007,13,3986,"IND",396.0,-65.0
2008,1,3989,"IND",-10476.0,9727.0
2009,18,3991,"IND",149.0,-4633.0
2010,13,3992,"IND",273.0,151.0
2011,5,3993,"IND",9898.0,10439.0
2012,18,3999,"IND",26.0,-4769.0
2013,13,4000,"IND",-348.0,-129.0
2014,2,4004,"IND",-5225.0,9655.0
2015,13,4007,"IND",401.0,-57.0
2016,13,4008,"IND",-454.0,118.0
2017,13,4009,"IND",171.0,406.0
2018,13,4010,"IND",295.0,-457.0
2019,12,4012,"IND",-5080.0,-170.0
2020,12,4013,"IND",-4952.0,-378.0
2021,18,4016,"IND",-326.0,-5090.0
2022,13,4019,"IND",-203.0,46.0
2023,13,4021,"IND",423.0,334.0
2024,21,4025,"IND",-10450.0,-9874.0
2025,21,4026,"IND",-9824.0,-10234.0
2026,25,4027,"IND",10299.0,-10450.0
2027,13,4032,"IND",-75.0,-162.0
2028,1,4035,"IND",-9948.0,9630.0
2029,5,4037,"IND",9678.0,10270.0
2030,1,4038,"IND",-10199.0,10054.0
2031,8,4040,"IND",427.0,5342.0
2032,13,4044,"IND",-463.0,103.0
2033,18,4045,"IND",163.0,-4609.0
2034,25,4047,"IND",10286.0,-9825.0
2035,13,4048,"IND",-88.0,-185.0
2036,5,4050,"IND",10039.0,9607.0
2037,13,4051,"IND",-335.0,-105.0
2038,21,4057,"IND",-10212.0,-10321.0
2039,18,4058,"IND",414.0,-4681.0
2040,18,4064,"IND",-459.0,-4889.0
2041,1,4065,"IND",-9833.0,10399.0
2042,18,4066,"IND",290.0,-4817.0
2043,22,4067,"IND",-5084.0,-10177.0
2044,18,4073,"IND",44.0,-5385.0
2045,13,4074,"IND",-331.0,-97.0
2046,1,4075,"IND",-10207.0,9687.0
2047,13,4076,"IND",418.0,327.0
2048,6,4077,"IND",-10267.0,4713.0
2049,13,4078,"IND",359.0,353.0
2050,21,4081,"IND",-9518.0,-9862.0
2051,25,4083,"IND",10108.0,-9575.0
2052,13,4084,"IND",235.0,217.0
2053,25,4085,"IND",9861.0,-10143.0
2054,13,4087,"IND",-16.0,-359.0
2055,18,4091,"IND",-390.0,-5071.0
2056,12,4093,"IND",-5262.0,73.0
2057,21,4094,"IND",-9637.0,-9639.0
2058,13,4096,"IND",487.0,145.0
2059,1,4097,"IND",-9888.0,10433.0
2060,12,4100,"IND",-4760.0,-423.0
2061,13,4101,"IND",-135.0,-135.0
2062,1,4102,"IND",-10011.0,9649.0
2063,5,4103,"IND",9614.0,9937.0
2064,21,4106,"IND",-10276.0,-10302.0
2065,13,4107,"IND",350.0,-14.0
2066,13,4109,"IND",473.0,122.0
2067,13,4111,"IND",99.0,410.0
2068,12,4112,"IND",-4773.0,202.0
2069,13,4113,"IND",-148.0,490.0
2070,5,4114,"IND",9976.0,9626.0
2071,18,4116,"IND",-399.0,-5086.0
2072,21,4117,"IND",-10271.0,-10294.0
2073,13,4122,"IND",354.0,-6.0
2074,5,4123,"IND",10478.0,10130.0
2075,25,4126,"IND",10103.0,-9582.0
2076,25,4128,"IND",10231.0,-9790.0
2077,1,4129,"IND",-10143.0,9850.0
2078,1,4133,"IND",-10020.0,9634.0
2079,7,4134,"IND",-5395.0,4922.0
2080,18,4136,"IND",-249.0,-4903.0
2081,25,4137,"IND",10376.0,-9615.0
2082,13,4138,"IND",-500.0,169.0
2083,13,4142,"IND",125.0,-191.0
2084,13,4147,"IND",253.0,-399.0
2085,25,4150,"IND",9879.0,-10111.0
2086,12,4151,"IND",-4998.0,25.0
2087,1,4153,"IND",-10373.0,10313.0
2088,13,4157,"IND",-245.0,105.0
2089,5,4158,"IND",10381.0,10393.0
2090,23,4159,"IND",-496.0,-10471.0
2091,9,4161,"IND",5130.0,4817.0
2092,13,4162,"IND",257.0,-391.0
2093,21,4163,"IND",-10117.0,-10103.0
2094,13,4164,"IND",6.0,33.0
2095,21,4168,"IND",-10368.0,-9679.0
2096,21,4169,"IND",-10258.0,-9919.0
2097,5,4171,"IND",10368.0,10369.0
2098,5,4172,"IND",10491.0,10153.0
2099,18,4173,"IND",116.0,-4559.0
2100,12,4174,"IND",-4756.0,-415.0
2101,7,4175,"IND",-5130.0,4873.0
2102,13,4176,"IND",-7.0,-343.0
2103,13,4177,"IND",-381.0,-55.0
2104,18,4179,"IND",-254.0,-4911.0
2105,13,4184,"IND",372.0,377.0
2106,25,4185,"IND",10495.0,-9839.0
2107,5,4186,"IND",10121.0,9801.0
2108,13,4190,"IND",249.0,-407.0
2109,21,4191,"IND",-10126.0,-10119.0
2110,13,4192,"IND",-2.0,-335.0
2111,5,4194,"IND",9623.0,10305.0
2112,13,4196,"IND",-232.0,480.0
2113,25,4204,"IND",10394.0,-10232.0
2114,5,4207,"IND",9517.0,9552.0
2115,25,4209,"IND",10143.0,-10160.0
2116,13,4211,"IND",271.0,-16.0
2117,13,4212,"IND",-104.0,272.0
2118,12,4216,"IND",-4980.0,56.0
2119,1,4217,"IND",-10355.0,10344.0
2120,13,4218,"IND",-227.0,488.0
2121,25,4219,"IND",10398.0,-10224.0
2122,22,4222,"IND",-5478.0,-10440.0
2123,12,4224,"IND",-4853.0,-152.0
2124,21,4226,"IND",-9725.0,-10008.0
2125,13,4227,"IND",-99.0,280.0
2126,18,4229,"IND",24.0,-4936.0
2127,25,4231,"IND",9649.0,-10296.0
2128,5,4234,"IND",9760.0,10112.0
2129,1,4235,"IND",-9615.0,9752.0
2130,12,4240,"IND",-5491.0,-463.0
2131,12,4241,"IND",-4866.0,-175.0
2132,5,4242,"IND",10262.0,9616.0
2133,13,4243,"IND",-113.0,256.0
2134,25,4248,"IND",10011.0,-9960.0
2135,12,4249,"IND",-5364.0,328.0
2136,14,4252,"IND",4764.0,120.0
2137,21,4255,"IND",-9610.0,-10240.0
2138,13,4256,"IND",-487.0,-456.0
2139,12,4258,"IND",-4862.0,-168.0
2140,13,4259,"IND",266.0,-376.0
2141,5,4260,"IND",9892.0,10264.0
2142,12,4262,"IND",-4985.0,48.0
2143,12,4263,"IND",-5359.0,336.0
2144,25,4266,"IND",9786.0,-10488.0
2145,15,4268,"IND",10412.0,-200.0
2146,12,4271,"IND",-5465.0,-64.0
2147,18,4274,"IND",160.0,-4776.0
2148,1,4275,"IND",-9712.0,10015.0
2149,25,4278,"IND",9914.0,-10345.0
2150,13,4282,"IND",37.0,439.0
2151,18,4283,"IND",-337.0,-5273.0
2152,18,4284,"IND",-210.0,-5481.0
2153,18,4285,"IND",416.0,-4841.0
2154,13,4297,"IND",-461.0,-57.0
2155,1,4298,"IND",-9835.0,10231.0
2156,21,4299,"IND",-9707.0,-9977.0
2157,13,4301,"IND",-82.0,-337.0
2158,25,4304,"IND",10042.0,-9553.0
2159,13,4309,"IND",-333.0,-265.0
2160,12,4313,"IND",-5223.0,496.0
2161,5,4315,"IND",10403.0,9784.0
2162,1,4318,"IND",-10474.0,9568.0
2163,13,4319,"IND",152.0,208.0
2164,1,4323,"IND",-9721.0,10000.0
2165,13,4327,"IND",-95.0,288.0
2166,21,4330,"IND",-9972.0,-9928.0
2167,4,4331,"IND",4654.0,9712.0
2168,13,4332,"IND",-218.0,-496.0
2169,25,4335,"IND",10407.0,-10208.0
2170,5,4339,"IND",9531.0,9576.0
2171,1,4340,"IND",-9844.0,10216.0
2172,12,4343,"IND",-4716.0,8.0
2173,1,4344,"IND",-10091.0,10296.0
2174,12,4345,"IND",-4967.0,432.0
2175,12,4347,"IND",-5342.0,-280.0
2176,5,4348,"IND",9663.0,9884.0
2177,5,4350,"IND",10288.0,10172.0
2178,13,4354,"IND",412.0,-44.0
2179,21,4356,"IND",-9963.0,-10404.0
2180,13,4357,"IND",165.0,388.0
2181,25,4358,"IND",9791.0,-10324.0
2182,5,4360,"IND",9914.0,10460.0
2183,5,4362,"IND",9539.0,10100.0
2184,13,4365,"IND",-333.0,-108.0
2185,1,4366,"IND",-9707.0,10180.0
2186,13,4368,"IND",416.0,316.0
2187,18,4370,"IND",42.0,-5396.0
2188,21,4372,"IND",-9831.0,-9604.0
2189,13,4375,"IND",-205.0,-316.0
2190,18,4376,"IND",-82.0,-5180.0
2191,5,4378,"IND",9544.0,10108.0
2192,25,4379,"IND",9654.0,-10132.0
2193,13,4380,"IND",280.0,156.0
2194,25,4382,"IND",10403.0,-10060.0
2195,13,4383,"IND",28.0,228.0
2196,13,4384,"IND",156.0,372.0
2197,5,4385,"IND",9782.0,9660.0
2198,18,4386,"IND",-95.0,-4556.0
2199,18,4388,"IND",-469.0,-5268.0
2200,12,4393,"IND",-5342.0,-124.0
2201,25,4396,"IND",10284.0,-9836.0
2202,1,4399,"IND",-9593.0,9948.0
2203,13,4402,"IND",33.0,236.0
2204,13,4403,"IND",161.0,380.0
2205,25,4405,"IND",9786.0,-10332.0
2206,13,4406,"IND",-90.0,452.0
2207,13,4407,"IND",-465.0,92.0
2208,13,4408,"IND",-320.0,267.0
2209,12,4410,"IND",-4694.0,-445.0
2210,21,4411,"IND",-9571.0,-9661.0
2211,4,4412,"IND",5055.0,9627.0
2212,1,4414,"IND",-9817.0,9771.0
2213,13,4415,"IND",-192.0,59.0
2214,18,4416,"IND",-68.0,-5157.0
2215,13,4419,"IND",-443.0,131.0
2216,25,4420,"IND",9685.0,-9725.0
2217,13,4422,"IND",310.0,-437.0
2218,13,4423,"IND",434.0,347.0
2219,10,4425,"IND",10059.0,4635.0
2220,21,4426,"IND",-9813.0,-10221.0
2221,21,4427,"IND",-10187.0,-9933.0
2222,18,4428,"IND",-64.0,-5149.0
2223,13,4430,"IND",-439.0,139.0
2224,12,4432,"IND",-5328.0,-100.0
2225,13,4433,"IND",297.0,188.0
2226,12,4434,"IND",-4579.0,324.0
2227,18,4436,"IND",46.0,-5388.0
2228,13,4437,"IND",174.0,404.0
2229,13,4438,"IND",-201.0,44.0
2230,5,4441,"IND",9923.0,9828.0
2231,13,4442,"IND",-452.0,116.0
2232,5,4444,"IND",9676.0,9908.0
2233,21,4445,"IND",-9698.0,-10452.0
2234,13,4447,"IND",425.0,332.0
2235,21,4448,"IND",-9950.0,-10380.0
2236,13,4449,"IND",178.0,412.0
2237,13,4450,"IND",-196.0,51.0
2238,25,4452,"IND",9927.0,-10164.0
2239,12,4454,"IND",-5447.0,124.0
2240,12,4455,"IND",-5302.0,299.0
2241,13,4456,"IND",324.0,-413.0
2242,24,4458,"IND",5447.0,-10277.0
2243,13,4459,"IND",72.0,11.0
2244,21,4460,"IND",-9800.0,-10197.0
2245,18,4463,"IND",-174.0,-4909.0
2246,13,4464,"IND",-51.0,227.0
2247,13,4466,"IND",-425.0,-485.0
2248,10,4467,"IND",9702.0,5307.0
2249,13,4469,"IND",328.0,-53.0
2250,21,4470,"IND",-9549.0,-10269.0
2251,13,4471,"IND",77.0,19.0
2252,5,4472,"IND",10205.0,9811.0
2253,13,4474,"IND",-170.0,451.0
2254,13,4476,"IND",-46.0,235.0
2255,13,4477,"IND",-421.0,-477.0
2256,1,4478,"IND",-10311.0,10283.0
2257,5,4480,"IND",10315.0,9571.0
2258,5,4481,"IND",10438.0,10355.0
2259,13,4482,"IND",64.0,-5.0
2260,21,4485,"IND",-9809.0,-10213.0
2261,13,4486,"IND",-183.0,75.0
2262,12,4488,"IND",-5060.0,-141.0
2263,25,4489,"IND",9566.0,-9501.0
2264,5,4491,"IND",9694.0,10291.0
2265,20,4492,"IND",10319.0,-5421.0
2266,13,4493,"IND",443.0,363.0
2267,5,4494,"IND",10068.0,10003.0
2268,1,4496,"IND",-9804.0,9795.0
2269,13,4498,"IND",-179.0,83.0
2270,5,4499,"IND",9945.0,10219.0
2271,21,4500,"IND",-10430.0,-10493.0
2272,5,4502,"IND",9716.0,9682.0
2273,18,4503,"IND",341.0,-5030.0
2274,25,4504,"IND",10465.0,-10246.0
2275,12,4507,"IND",-4910.0,42.0
2276,5,4508,"IND",10218.0,10186.0
2277,13,4510,"IND",-157.0,474.0
2278,1,4511,"IND",-10033.0,10258.0
2279,25,4513,"IND",9592.0,-10102.0
2280,13,4514,"IND",-280.0,-310.0
2281,21,4515,"IND",-9654.0,-10022.0
2282,12,4516,"IND",-4531.0,-238.0
2283,13,4518,"IND",94.0,402.0
2284,21,4520,"IND",-9778.0,-9806.0
2285,1,4521,"IND",-10152.0,10482.0
2286,1,4522,"IND",-10029.0,10266.0
2287,18,4524,"IND",-403.0,-5094.0
2288,13,4525,"IND",-293.0,314.0
2289,13,4526,"IND",332.0,-46.0
2290,13,4529,"IND",456.0,-262.0
2291,21,4530,"IND",-9919.0,-9974.0
2292,1,4532,"IND",-9791.0,10170.0
2293,5,4533,"IND",9835.0,10458.0
2294,13,4535,"IND",-42.0,242.0
2295,5,4536,"IND",9583.0,9530.0
2296,12,4537,"IND",-5289.0,-326.0
2297,13,4538,"IND",337.0,-38.0
2298,12,4540,"IND",-4540.0,-254.0
2299,1,4542,"IND",-9914.0,10034.0
2300,13,4543,"IND",213.0,178.0
2301,13,4544,"IND",-161.0,466.0
2302,13,4546,"IND",-38.0,250.0
2303,12,4547,"IND",-5412.0,-462.0
2304,25,4548,"IND",9592.0,-10297.0
2305,13,4551,"IND",218.0,343.0
2306,13,4552,"IND",341.0,127.0
2307,13,4554,"IND",-33.0,415.0
2308,13,4555,"IND",95.0,-441.0
2309,25,4557,"IND",9720.0,-10153.0
2310,13,4558,"IND",-156.0,-369.0
2311,12,4559,"IND",-4531.0,-81.0
2312,13,4560,"IND",-403.0,63.0
2313,21,4562,"IND",-9778.0,-9650.0
2314,25,4564,"IND",10346.0,-9865.0
2315,12,4565,"IND",-5029.0,423.0
2316,25,4566,"IND",10099.0,-10434.0
2317,13,4568,"IND",-275.0,-146.0
2318,12,4569,"IND",-5152.0,-362.0
2319,1,4570,"IND",-9527.0,9926.0
2320,12,4573,"IND",-5416.0,-313.0
2321,25,4574,"IND",10209.0,-10025.0
2322,13,4576,"IND",333.0,111.0
2323,12,4577,"IND",-5042.0,399.0
2324,13,4579,"IND",86.0,191.0
2325,1,4580,"IND",-10289.0,9831.0
2326,13,4581,"IND",-165.0,-385.0
2327,11,4582,"IND",-9540.0,-97.0
2328,13,4584,"IND",-412.0,-305.0
2329,19,4585,"IND",5214.0,-4665.0
2330,18,4587,"IND",337.0,-4881.0
2331,13,4591,"IND",-38.0,407.0
2332,20,4593,"IND",10090.0,-4801.0
2333,13,4594,"IND",-284.0,-161.0
2334,13,4596,"IND",-161.0,-377.0
2335,5,4598,"IND",10465.0,9911.0
2336,13,4600,"IND",-390.0,86.0
2337,18,4602,"IND",236.0,-4626.0
2338,25,4605,"IND",10359.0,-10490.0
2339,5,4612,"IND",9984.0,9798.0
2340,5,4615,"IND",10112.0,9590.0
2341,13,4616,"IND",-262.0,-122.0
2342,2,4617,"IND",-5139.0,10014.0
2343,13,4628,"IND",487.0,302.0
2344,5,4630,"IND",9614.0,10094.0
2345,18,4631,"IND",240.0,-5266.0
2346,1,4632,"IND",-9637.0,9518.0
2347,13,4633,"IND",-11.0,-194.0
2348,25,4635,"IND",10117.0,-10402.0
2349,13,4636,"IND",-258.0,238.0
2350,1,4639,"IND",-10134.0,10022.0
2351,13,4640,"IND",491.0,310.0
2352,25,4641,"IND",9601.0,-9930.0
2353,5,4642,"IND",10227.0,10358.0
2354,25,4645,"IND",10350.0,-9858.0
2355,13,4646,"IND",-24.0,-218.0
2356,13,4650,"IND",103.0,-426.0
2357,18,4651,"IND",-271.0,-5138.0
2358,5,4652,"IND",9852.0,9646.0
2359,13,4653,"IND",478.0,286.0
2360,10,4658,"IND",9606.0,5078.0
2361,12,4659,"IND",-4769.0,366.0
2362,25,4660,"IND",10355.0,-9850.0
2363,21,4661,"IND",-10020.0,-10210.0
2364,21,4663,"IND",-9892.0,-10418.0
2365,13,4664,"IND",-267.0,-130.0
2366,5,4674,"IND",9857.0,9654.0
2367,13,4675,"IND",482.0,294.0
2368,13,4677,"IND",-372.0,469.0
2369,19,4680,"IND",5253.0,-5243.0
2370,1,4682,"IND",-9623.0,9541.0
2371,21,4683,"IND",-9998.0,-10171.0
2372,12,4686,"IND",-4870.0,-27.0
2373,25,4687,"IND",9755.0,-9739.0
2374,21,4688,"IND",-10121.0,-9955.0
2375,12,4690,"IND",-5496.0,-315.0
2376,13,4691,"IND",-368.0,477.0
2377,13,4692,"IND",258.0,-235.0
2378,25,4693,"IND",10381.0,-10451.0
2379,21,4695,"IND",-9994.0,-9811.0
2380,12,4696,"IND",-4866.0,-19.0
2381,13,4697,"IND",-240.0,269.0
2382,12,4698,"IND",-5117.0,53.0
2383,25,4701,"IND",9509.0,-10307.0
2384,12,4702,"IND",-5381.0,102.0
2385,5,4704,"IND",10244.0,9742.0
2386,25,4705,"IND",10368.0,-10474.0
2387,18,4706,"IND",-7.0,-5186.0
2388,1,4709,"IND",-9879.0,9606.0
2389,4,4711,"IND",4747.0,10246.0
2390,13,4712,"IND",-130.0,30.0
2391,21,4713,"IND",-9505.0,-9682.0
2392,21,4719,"IND",-10377.0,-9538.0
2393,1,4720,"IND",-9751.0,9750.0
2394,13,4724,"IND",372.0,-466.0
2395,13,4727,"IND",-2.0,-178.0
2396,18,4728,"IND",125.0,-5035.0
2397,13,4729,"IND",-249.0,253.0
2398,25,4730,"IND",9874.0,-9962.0
2399,21,4732,"IND",-10500.0,-9675.0
2400,21,4733,"IND",-10355.0,-10499.0
2401,18,4736,"IND",271.0,-4859.0
2402,12,4739,"IND",-4606.0,-75.0
2403,13,4741,"IND",20.0,213.0
2404,5,4745,"IND",10147.0,10005.0
2405,5,4746,"IND",9773.0,9645.0
2406,18,4747,"IND",-104.0,-4571.0
2407,1,4752,"IND",-10478.0,9717.0
2408,1,4755,"IND",-10350.0,9509.0
2409,12,4757,"IND",-4725.0,149.0
2410,13,4758,"IND",399.0,-67.0
2411,12,4760,"IND",-4976.0,221.0
2412,1,4764,"IND",-9848.0,10364.0
2413,12,4765,"IND",-5223.0,-348.0
2414,13,4767,"IND",-99.0,437.0
2415,13,4768,"IND",-474.0,-275.0
2416,12,4770,"IND",-5364.0,485.0
2417,12,4771,"IND",-4738.0,-227.0
2418,13,4777,"IND",385.0,-443.0
2419,13,4778,"IND",11.0,197.0
2420,12,4784,"IND",-4861.0,-11.0
2421,5,4785,"IND",9764.0,10277.0
2422,13,4786,"IND",-112.0,413.0
2423,21,4787,"IND",-10487.0,-10299.0
2424,13,4793,"IND",-359.0,493.0
2425,8,4794,"IND",266.0,4781.0
2426,21,4795,"IND",-9610.0,-10083.0
2427,1,4796,"IND",-9985.0,10205.0
2428,13,4797,"IND",143.0,-3.0
2429,13,4798,"IND",-231.0,-363.0
2430,18,4801,"IND",-108.0,-4579.0
2431,18,4803,"IND",-483.0,-5291.0
2432,21,4804,"IND",-10478.0,-10127.0
2433,25,4805,"IND",10148.0,-9839.0
2434,1,4807,"IND",-9729.0,10297.0
2435,5,4811,"IND",9896.0,9585.0
2436,12,4813,"IND",-4976.0,377.0
2437,25,4814,"IND",9650.0,-10335.0
2438,15,4816,"IND",9773.0,-199.0
2439,13,4817,"IND",399.0,89.0
2440,21,4820,"IND",-10474.0,-10119.0
2441,13,4821,"IND",152.0,169.0
2442,13,4822,"IND",275.0,305.0
2443,13,4823,"IND",-99.0,-407.0
2444,13,4826,"IND",29.0,385.0
2445,13,4827,"IND",-346.0,25.0
2446,1,4829,"IND",-10222.0,9809.0
2447,12,4831,"IND",-4597.0,97.0
2448,5,4832,"IND",9513.0,9858.0
2449,13,4833,"IND",139.0,146.0
2450,13,4834,"IND",262.0,-70.0
2451,5,4836,"IND",9888.0,10218.0
2452,9,4837,"IND",5015.0,5362.0
2453,13,4842,"IND",-359.0,-350.0
2454,12,4843,"IND",-5236.0,434.0
2455,5,4846,"IND",10390.0,10074.0
2456,12,4848,"IND",-5482.0,-135.0
2457,16,4849,"IND",-9857.0,-4847.0
2458,13,4853,"IND",267.0,-63.0
2459,25,4854,"IND",9892.0,-10423.0
2460,13,4856,"IND",20.0,369.0
2461,13,4857,"IND",-355.0,-343.0
2462,21,4858,"IND",-10231.0,-9559.0
2463,13,4862,"IND",394.0,81.0
2464,13,4867,"IND",-460.0,257.0
2465,25,4870,"IND",10165.0,-10455.0
2466,25,4871,"IND",10289.0,-9671.0
2467,12,4873,"IND",-5086.0,-383.0
2468,18,4877,"IND",42.0,-5239.0
2469,18,4878,"IND",-333.0,-4951.0
2470,1,4879,"IND",-10209.0,9833.0
2471,18,4881,"IND",416.0,-4879.0
2472,13,4882,"IND",-456.0,264.0
2473,18,4883,"IND",170.0,-5448.0
2474,5,4884,"IND",10293.0,10337.0
2475,25,4888,"IND",9918.0,-10024.0
2476,12,4889,"IND",-4954.0,-232.0
2477,1,4891,"IND",-10328.0,10056.0
2478,18,4892,"IND",-205.0,-5160.0
2479,13,4893,"IND",421.0,480.0
2480,13,4894,"IND",-469.0,-111.0
2481,13,4895,"IND",156.0,-471.0
2482,13,4896,"IND",280.0,313.0
2483,13,4897,"IND",-95.0,-399.0
2484,25,4899,"IND",10033.0,-9607.0
2485,13,4904,"IND",-341.0,33.0
2486,18,4905,"IND",-218.0,-5183.0
2487,21,4906,"IND",-9593.0,-9895.0
2488,13,4910,"IND",-465.0,249.0
2489,21,4911,"IND",-9839.0,-10463.0
2490,20,4912,"IND",10284.0,-4679.0
2491,13,4914,"IND",-90.0,-391.0
2492,13,4916,"IND",37.0,-247.0
2493,13,4924,"IND",-337.0,41.0
2494,25,4927,"IND",9786.0,-10175.0
2495,25,4929,"IND",10412.0,-9887.0
2496,5,4931,"IND",9557.0,10288.0
2497,5,4932,"IND",10183.0,9928.0
2498,15,4936,"IND",10306.0,-288.0
2499,13,4937,"IND",-68.0,0.0
2500,13,4938,"IND",59.0,-208.0
2501,18,4939,"IND",-315.0,-4568.0
2502,1,4942,"IND",-10192.0,10216.0
2503,1,4944,"IND",-9566.0,9504.0
2504,13,4946,"IND",-438.0,296.0
2505,1,4947,"IND",-9813.0,9936.0
2506,1,4949,"IND",-9689.0,9720.0
2507,13,4951,"IND",-64.0,8.0
2508,25,4954,"IND",10064.0,-10200.0
2509,13,4955,"IND",-311.0,440.0
2510,21,4960,"IND",-10187.0,-9776.0
2511,13,4961,"IND",438.0,-488.0
2512,18,4962,"IND",-452.0,-4728.0
2513,12,4963,"IND",-4826.0,-440.0
2514,13,4968,"IND",297.0,344.0
2515,25,4969,"IND",9923.0,-10016.0
2516,13,4972,"IND",51.0,-224.0
2517,12,4975,"IND",-5324.0,64.0
2518,1,4976,"IND",-10200.0,9848.0
2519,13,4978,"IND",425.0,488.0
2520,13,4979,"IND",-447.0,280.0
2521,5,4980,"IND",10178.0,9568.0
2522,1,4982,"IND",-9698.0,9704.0
2523,13,4983,"IND",-73.0,-8.0
2524,25,4986,"IND",10055.0,-10216.0
2525,1,4988,"IND",-10319.0,10072.0
2526,13,4991,"IND",-196.0,208.0
2527,5,4994,"IND",10429.0,10496.0
2528,25,4995,"IND",9575.0,-10329.0
2529,4,4998,"IND",5200.0,9959.0
2530,21,5002,"IND",-9676.0,-10257.0
2531,13,5003,"IND",-51.0,383.0
2532,13,5004,"IND",77.0,175.0
2533,25,5005,"IND",9703.0,-9537.0
2534,12,5017,"IND",-5174.0,247.0
2535,13,5018,"IND",451.0,-113.0
2536,13,5019,"IND",-421.0,-321.0
2537,13,5021,"IND",205.0,-33.0
2538,5,5024,"IND",10328.0,9751.0
2539,1,5029,"IND",-10046.0,10391.0
2540,13,5033,"IND",81.0,183.0
2541,13,5035,"IND",-293.0,471.0
2542,21,5038,"IND",-10170.0,-10393.0
2543,21,5039,"IND",-9544.0,-10105.0
2544,18,5043,"IND",-434.0,-5344.0
2545,18,5047,"IND",192.0,-5056.0
2546,21,5050,"IND",-9685.0,-10272.0
2547,1,5051,"IND",-10060.0,10016.0
2548,13,5052,"IND",68.0,160.0
2549,25,5055,"IND",9694.0,-9552.0
2550,13,5059,"IND",-183.0,232.0
2551,18,5060,"IND",443.0,-5480.0
2552,18,5063,"IND",-430.0,-5337.0
2553,6,5064,"IND",-9804.0,4951.0
2554,13,5065,"IND",319.0,-264.0
2555,1,5067,"IND",-10055.0,10024.0
2556,1,5068,"IND",-9927.0,10167.0
2557,16,5070,"IND",-10302.0,-4545.0
2558,5,5074,"IND",9822.0,10239.0
2559,13,5076,"IND",447.0,-121.0
2560,18,5077,"IND",15.0,-5265.0
2561,18,5078,"IND",-360.0,-4977.0
2562,12,5080,"IND",-5236.0,159.0
2563,1,5082,"IND",-9611.0,10447.0
2564,12,5085,"IND",-5483.0,239.0
2565,5,5086,"IND",10143.0,9527.0
2566,1,5088,"IND",-9734.0,9663.0
2567,25,5090,"IND",9891.0,-10049.0
2568,21,5092,"IND",-9981.0,-10257.0
2569,13,5095,"IND",-355.0,383.0
2570,13,5096,"IND",-232.0,167.0
2571,21,5098,"IND",-9606.0,-9545.0
2572,13,5099,"IND",-479.0,247.0
2573,12,5100,"IND",-4853.0,-113.0
2574,5,5102,"IND",10270.0,9671.0
2575,25,5103,"IND",9896.0,-10041.0
2576,25,5104,"IND",10006.0,-10281.0
2577,18,5105,"IND",-368.0,-4993.0
2578,1,5106,"IND",-10245.0,9791.0
2579,12,5108,"IND",-4620.0,431.0
2580,15,5113,"IND",9508.0,223.0
2581,18,5116,"IND",134.0,-5489.0
2582,5,5119,"IND",10257.0,10295.0
2583,1,5122,"IND",-10117.0,9935.0
2584,13,5123,"IND",10.0,-273.0
2585,5,5125,"IND",9636.0,10015.0
2586,13,5126,"IND",-241.0,-201.0
2587,9,5127,"IND",5385.0,5439.0
2588,13,5128,"IND",-487.0,231.0
2589,13,5130,"IND",138.0,-481.0
2590,13,5131,"IND",261.0,303.0
2591,13,5132,"IND",-113.0,-57.0
2592,1,5134,"IND",-9968.0,10118.0
2593,13,5135,"IND",-342.0,406.0
2594,25,5136,"IND",9781.0,-9810.0
2595,12,5139,"IND",-4593.0,478.0
2596,18,5140,"IND",-465.0,-5378.0
2597,25,5142,"IND",10160.0,-10090.0
2598,13,5143,"IND",283.0,-306.0
2599,13,5145,"IND",-91.0,334.0
2600,21,5146,"IND",-9963.0,-9874.0
2601,13,5147,"IND",-338.0,414.0
2602,18,5148,"IND",-214.0,-4802.0
2603,13,5150,"IND",411.0,-162.0
2604,18,5152,"IND",-461.0,-5370.0
2605,1,5153,"IND",-9835.0,9918.0
2606,21,5154,"IND",-9712.0,-10298.0
2607,20,5156,"IND",9913.0,-4658.0
2608,1,5157,"IND",-9976.0,9751.0
2609,13,5158,"IND",-351.0,391.0
2610,13,5161,"IND",-228.0,175.0
2611,25,5162,"IND",10398.0,-9537.0
2612,21,5164,"IND",-10474.0,-9745.0
2613,21,5165,"IND",-9849.0,-10105.0
2614,21,5167,"IND",-9725.0,-10321.0
2615,1,5168,"IND",-10100.0,9967.0
2616,21,5169,"IND",-9972.0,-9889.0
2617,13,5170,"IND",-346.0,399.0
2618,21,5172,"IND",-10223.0,-9817.0
2619,13,5173,"IND",402.0,471.0
2620,1,5175,"IND",-10470.0,9614.0
2621,1,5179,"IND",-9844.0,9902.0
2622,21,5181,"IND",-9721.0,-10313.0
2623,13,5182,"IND",-95.0,-25.0
2624,13,5184,"IND",50.0,150.0
2625,13,5186,"IND",-324.0,-210.0
2626,13,5188,"IND",-201.0,-426.0
2627,13,5190,"IND",424.0,-138.0
2628,13,5193,"IND",-448.0,-346.0
2629,22,5200,"IND",-4822.0,-9706.0
2630,13,5203,"IND",301.0,78.0
2631,13,5204,"IND",-73.0,366.0
2632,18,5205,"IND",54.0,-4842.0
2633,18,5216,"IND",-320.0,-5202.0
2634,5,5218,"IND",9803.0,9582.0
2635,13,5219,"IND",429.0,-130.0
2636,1,5220,"IND",-10443.0,10014.0
2637,1,5221,"IND",-9818.0,10301.0
2638,13,5223,"IND",305.0,86.0
2639,25,5224,"IND",9931.0,-9626.0
2640,21,5227,"IND",-9959.0,-9866.0
2641,13,5228,"IND",-333.0,422.0
2642,1,5229,"IND",-10210.0,10206.0
2643,1,5230,"IND",-9584.0,9846.0
2644,13,5233,"IND",-457.0,-362.0
2645,13,5234,"IND",169.0,-74.0
2646,13,5238,"IND",292.0,62.0
2647,5,5239,"IND",9918.0,10350.0
2648,25,5240,"IND",10046.0,-9858.0
2649,18,5241,"IND",-329.0,-4570.0
2650,13,5246,"IND",-206.0,-434.0
2651,12,5247,"IND",-4580.0,-146.0
2652,13,5248,"IND",-452.0,-354.0
2653,12,5249,"IND",-4827.0,286.0
2654,5,5251,"IND",10297.0,10070.0
2655,1,5252,"IND",-10078.0,10358.0
2656,18,5262,"IND",68.0,-5467.0
2657,13,5263,"IND",-307.0,-179.0
2658,5,5265,"IND",9816.0,9605.0
2659,5,5268,"IND",10442.0,10245.0
2660,13,5270,"IND",-430.0,37.0
2661,18,5271,"IND",195.0,-4675.0
2662,13,5274,"IND",319.0,109.0
2663,12,5275,"IND",-5056.0,-251.0
2664,13,5276,"IND",72.0,-459.0
2665,25,5278,"IND",9698.0,-10171.0
2666,25,5279,"IND",9821.0,-10035.0
2667,1,5280,"IND",-9554.0,10253.0
2668,2,5281,"IND",-5426.0,10045.0
2669,21,5283,"IND",-9800.0,-9667.0
2670,21,5284,"IND",-9677.0,-9531.0
2671,13,5285,"IND",-51.0,-243.0
2672,25,5286,"IND",10059.0,-10483.0
2673,13,5289,"IND",-316.0,-195.0
2674,1,5290,"IND",-10192.0,9589.0
2675,12,5292,"IND",-4567.0,-123.0
2676,25,5293,"IND",9561.0,-9979.0
2677,5,5294,"IND",10187.0,10309.0
2678,13,5297,"IND",310.0,93.0
2679,13,5299,"IND",-65.0,381.0
2680,21,5300,"IND",-9937.0,-10475.0
2681,7,5301,"IND",-5311.0,4813.0
2682,13,5307,"IND",-188.0,-403.0
2683,13,5308,"IND",438.0,237.0
2684,13,5312,"IND",-435.0,29.0
2685,18,5315,"IND",191.0,-4683.0
2686,18,5316,"IND",314.0,-4899.0
2687,12,5317,"IND",-5060.0,-259.0
2688,5,5318,"IND",9944.0,9906.0
2689,21,5320,"IND",-10430.0,-9806.0
2690,25,5321,"IND",9693.0,-10022.0
2691,25,5324,"IND",10319.0,-9734.0
2692,18,5327,"IND",447.0,-4590.0
2693,13,5329,"IND",72.0,-302.0
2694,25,5333,"IND",10196.0,-9518.0
2695,13,5334,"IND",-179.0,-230.0
2696,13,5335,"IND",-51.0,-86.0
2697,13,5340,"IND",-426.0,201.0
2698,13,5343,"IND",-302.0,-14.0
2699,22,5345,"IND",-4677.0,-10374.0
2700,13,5346,"IND",451.0,417.0
2701,13,5348,"IND",77.0,-295.0
2702,17,5352,"IND",-4800.0,-4511.0
2703,1,5353,"IND",-10175.0,10129.0
2704,12,5355,"IND",-5064.0,-462.0
2705,13,5356,"IND",-439.0,178.0
2706,13,5358,"IND",-315.0,-38.0
2707,13,5359,"IND",310.0,250.0
2708,13,5365,"IND",438.0,42.0
2709,12,5366,"IND",-4937.0,-318.0
2710,25,5372,"IND",10187.0,-9534.0
2711,1,5373,"IND",-10188.0,9754.0
2712,12,5374,"IND",-5060.0,-102.0
2713,23,5375,"IND",-434.0,-9814.0
2714,13,5381,"IND",-311.0,-30.0
2715,12,5382,"IND",-4686.0,258.0
2716,12,5383,"IND",-4558.0,402.0
2717,13,5384,"IND",68.0,-310.0
2718,1,5385,"IND",-9809.0,10474.0
2719,13,5386,"IND",-183.0,-238.0
2720,12,5389,"IND",-5038.0,-63.0
2721,5,5391,"IND",9588.0,9577.0
2722,18,5392,"IND",-289.0,-4639.0
2723,18,5393,"IND",336.0,-5351.0
2724,12,5395,"IND",-4536.0,441.0
2725,13,5399,"IND",90.0,81.0
2726,5,5401,"IND",10213.0,9865.0
2727,1,5402,"IND",-10161.0,10153.0
2728,17,5404,"IND",-5034.0,-5055.0
2729,21,5405,"IND",-10408.0,-10415.0
2730,18,5408,"IND",-285.0,-4631.0
2731,13,5409,"IND",341.0,-343.0
2732,13,5410,"IND",469.0,449.0
2733,12,5411,"IND",-4906.0,89.0
2734,18,5414,"IND",218.0,-5127.0
2735,5,5415,"IND",9843.0,10161.0
2736,1,5417,"IND",-10047.0,9921.0
2737,13,5419,"IND",-421.0,209.0
2738,13,5420,"IND",-298.0,-7.0
2739,25,5421,"IND",10328.0,-10367.0
2740,18,5422,"IND",455.0,-4575.0
2741,13,5424,"IND",81.0,-287.0
2742,21,5425,"IND",-9796.0,-10151.0
2743,21,5430,"IND",-10170.0,-9863.0
2744,13,5431,"IND",-42.0,-71.0
2745,12,5434,"IND",-5417.0,217.0
2746,13,5436,"IND",-293.0,353.0
2747,13,5437,"IND",332.0,-359.0
2748,21,5441,"IND",-9540.0,-9567.0
2749,4,5442,"IND",5085.0,9721.0
2750,21,5444,"IND",-9791.0,-10143.0
2751,5,5445,"IND",9834.0,10145.0
2752,19,5446,"IND",4980.0,-4680.0
2753,12,5450,"IND",-5395.0,-392.0
2754,5,5455,"IND",9729.0,10392.0
2755,12,5458,"IND",-4646.0,32.0
2756,5,5459,"IND",10482.0,9824.0
2757,21,5461,"IND",-9893.0,-9888.0
2758,5,5465,"IND",10231.0,9896.0
2759,18,5466,"IND",-144.0,-5464.0
2760,5,5467,"IND",9984.0,10328.0
2761,21,5469,"IND",-10390.0,-10384.0
2762,25,5470,"IND",9733.0,-9600.0
2763,13,5471,"IND",358.0,40.0
2764,25,5472,"IND",10486.0,-10168.0
2765,1,5476,"IND",-9888.0,10120.0
2766,23,5477,"IND",235.0,-9744.0
2767,25,5479,"IND",9861.0,-10456.0
2768,25,5480,"IND",9971.0,-9695.0
2769,13,5481,"IND",-404.0,-407.0
2770,13,5482,"IND",-280.0,377.0
2771,16,5483,"IND",-9655.0,-5335.0
2772,13,5484,"IND",473.0,-191.0
2773,25,5485,"IND",10099.0,-9903.0
2774,18,5487,"IND",222.0,-5119.0
2775,18,5492,"IND",-153.0,-4831.0
2776,21,5493,"IND",-10025.0,-9687.0
2777,13,5494,"IND",-399.0,-399.0
2778,12,5498,"IND",-5276.0,385.0
2779,13,5499,"IND",350.0,-327.0
2780,12,5500,"IND",-4523.0,-184.0
2781,1,5502,"IND",-9897.0,10104.0
2782,12,5504,"IND",-4774.0,-112.0
2783,13,5512,"IND",-148.0,-472.0
2784,25,5515,"IND",9997.0,-9648.0
2785,13,5517,"IND",-377.0,-8.0
2786,13,5519,"IND",-254.0,-224.0
2787,13,5520,"IND",372.0,64.0
2788,13,5524,"IND",499.0,208.0
2789,18,5525,"IND",125.0,-4504.0
2790,13,5526,"IND",248.0,280.0
2791,12,5527,"IND",-5126.0,-432.0
2792,21,5530,"IND",-9998.0,-10288.0
2793,12,5532,"IND",-5373.0,0.0
2794,1,5534,"IND",-10250.0,9784.0
2795,1,5535,"IND",-9624.0,10072.0
2796,11,5537,"IND",-10496.0,215.0
2797,13,5539,"IND",129.0,-497.0
2798,18,5542,"IND",253.0,-4712.0
2799,18,5543,"IND",-122.0,-5425.0
2800,13,5548,"IND",-12.0,336.0
2801,18,5549,"IND",-386.0,-5376.0
2802,13,5550,"IND",-263.0,-240.0
2803,21,5551,"IND",-9637.0,-9952.0
2804,13,5556,"IND",491.0,-160.0
2805,18,5557,"IND",116.0,-4520.0
2806,12,5560,"IND",-4760.0,264.0
2807,1,5563,"IND",-10135.0,9552.0
2808,8,5564,"IND",-7.0,5344.0
2809,7,5566,"IND",-5382.0,4984.0
2810,13,5567,"IND",-258.0,-232.0
2811,25,5568,"IND",10367.0,-9944.0
2812,13,5570,"IND",495.0,-152.0
2813,5,5571,"IND",10121.0,10488.0
2814,25,5574,"IND",10244.0,-9728.0
2815,21,5576,"IND",-10131.0,-10440.0
2816,18,5579,"IND",-126.0,-5276.0
2817,1,5582,"IND",-10500.0,10012.0
2818,13,5583,"IND",-377.0,148.0
2819,5,5586,"IND",10248.0,10436.0
2820,1,5590,"IND",-9624.0,10228.0
2821,13,5591,"IND",2.0,-132.0
2822,21,5592,"IND",-9875.0,-10348.0
2823,3,5593,"IND",-249.0,9940.0
2824,5,5605,"IND",9878.0,9732.0
2825,5,5606,"IND",9504.0,10372.0
2826,23,5607,"IND",-373.0,-9844.0
2827,13,5609,"IND",253.0,444.0
2828,5,5612,"IND",10381.0,10236.0
2829,13,5617,"IND",6.0,-124.0
2830,21,5621,"IND",-9870.0,-10340.0
2831,13,5623,"IND",-245.0,-52.0
2832,21,5626,"IND",-10135.0,-10291.0
2833,13,5627,"IND",491.0,-3.0
2834,13,5631,"IND",-386.0,-219.0
2835,5,5635,"IND",10240.0,10421.0
2836,1,5638,"IND",-9633.0,10213.0
2837,14,5639,"IND",4993.0,-500.0
2838,25,5640,"IND",10116.0,-9715.0
2839,13,5643,"IND",-258.0,-75.0
2840,18,5647,"IND",-130.0,-5284.0
2841,13,5648,"IND",495.0,4.0
2842,13,5651,"IND",-381.0,140.0
2843,5,5652,"IND",10244.0,10428.0
2844,12,5653,"IND",-4628.0,220.0
2845,21,5655,"IND",-10003.0,-10492.0
2846,21,5656,"IND",-9879.0,-10356.0
2847,12,5658,"IND",-5254.0,-68.0
2848,13,5662,"IND",-108.0,108.0
2849,25,5664,"IND",9517.0,-9604.0
2850,13,5665,"IND",-359.0,180.0
2851,25,5666,"IND",10266.0,-10180.0
2852,13,5668,"IND",394.0,-388.0
2853,21,5670,"IND",-9981.0,-10100.0
2854,12,5673,"IND",-4857.0,-316.0
2855,13,5674,"IND",-232.0,324.0
2856,13,5676,"IND",-104.0,115.0
2857,25,5678,"IND",9522.0,-9597.0
2858,2,5680,"IND",-5355.0,10187.0
2859,5,5683,"IND",10270.0,9827.0
2860,1,5684,"IND",-9602.0,9619.0
2861,12,5686,"IND",-4976.0,-93.0
2862,22,5687,"IND",-4853.0,-9957.0
2863,13,5688,"IND",-227.0,331.0
2864,13,5690,"IND",-117.0,92.0
2865,13,5691,"IND",-492.0,380.0
2866,13,5692,"IND",-368.0,164.0
2867,1,5693,"IND",-9743.0,10452.0
2868,13,5694,"IND",385.0,-404.0
2869,17,5696,"IND",-4989.0,-5116.0
2870,5,5701,"IND",10134.0,9668.0
2871,13,5704,"IND",-241.0,-44.0
2872,13,5707,"IND",-113.0,100.0
2873,25,5710,"IND",9513.0,-9612.0
2874,13,5711,"IND",-364.0,172.0
2875,21,5713,"IND",-9738.0,-9540.0
2876,13,5714,"IND",389.0,-396.0
2877,12,5715,"IND",-4985.0,-108.0
2878,1,-1,"IND",-10198.0,9765.0
2879,1,-1,"IND",-10312.0,9956.0
2880,1,-1,"IND",-10493.0,9817.0
2881,1,-1,"IND",-10456.0,10145.0
2882,1,-1,"IND",-9609.0,10163.0
2883,1,-1,"IND",-10118.0,10106.0
2884,1,-1,"IND",-10231.0,10045.0
2885,1,-1,"IND",-9876.0,10419.0
2886,1,-1,"IND",-10328.0,9771.0
2887,1,-1,"IND",-10253.0,9556.0
2888,1,-1,"IND",-9561.0,10214.0
2889,1,-1,"IND",-10455.0,9977.0
2890,1,-1,"IND",-9731.0,10020.0
2891,1,-1,"IND",-9599.0,10420.0
2892,1,-1,"IND",-10048.0,9681.0
2893,5,-1,"IND",9802.0,9765.0
2894,5,-1,"IND",9688.0,9956.0
2895,5,-1,"IND",9507.0,9817.0
2896,5,-1,"IND",9544.0,10145.0
2897,5,-1,"IND",10391.0,10163.0
2898,5,-1,"IND",9882.0,10106.0
2899,5,-1,"IND",9769.0,10045.0
2900,5,-1,"IND",10124.0,10419.0
2901,5,-1,"IND",9672.0,9771.0
2902,5,-1,"IND",9747.0,9556.0
2903,5,-1,"IND",10439.0,10214.0
2904,5,-1,"IND",9545.0,9977.0
2905,5,-1,"IND",10269.0,10020.0
2906,5,-1,"IND",10401.0,10420.0
2907,5,-1,"IND",9952.0,9681.0
2908,12,-1,"IND",-5198.0,-235.0
2909,12,-1,"IND",-5312.0,-44.0
2910,12,-1,"IND",-5493.0,-183.0
2911,12,-1,"IND",-5456.0,145.0
2912,12,-1,"IND",-4609.0,163.0
2913,12,-1,"IND",-5118.0,106.0
2914,12,-1,"IND",-5231.0,45.0
2915,12,-1,"IND",-4876.0,419.0
2916,12,-1,"IND",-5328.0,-229.0
2917,12,-1,"IND",-5253.0,-444.0
2918,12,-1,"IND",-4561.0,214.0
2919,12,-1,"IND",-5455.0,-23.0
2920,12,-1,"IND",-4731.0,20.0
2921,12,-1,"IND",-4599.0,420.0
2922,12,-1,"IND",-5048.0,-319.0
2923,13,-1,"IND",-198.0,-235.0
2924,13,-1,"IND",-312.0,-44.0
2925,13,-1,"IND",-493.0,-183.0
2926,13,-1,"IND",-456.0,145.0
2927,13,-1,"IND",391.0,163.0
2928,13,-1,"IND",-118.0,106.0
2929,13,-1,"IND",-231.0,45.0
2930,13,-1,"IND",124.0,419.0
2931,13,-1,"IND",-328.0,-229.0
2932,13,-1,"IND",-253.0,-444.0
2933,13,-1,"IND",439.0,214.0
2934,13,-1,"IND",-455.0,-23.0
2935,13,-1,"IND",269.0,20.0
2936,13,-1,"IND",401.0,420.0
2937,13,-1,"IND",-48.0,-319.0
2938,13,-1,"IND",-4.0,391.0
2939,13,-1,"IND",45.0,374.0
2940,13,-1,"IND",275.0,434.0
2941,13,-1,"IND",442.0,-188.0
2942,13,-1,"IND",-116.0,-187.0
2943,13,-1,"IND",109.0,-411.0
2944,13,-1,"IND",-341.0,27.0
2945,13,-1,"IND",-299.0,184.0
2946,13,-1,"IND",269.0,-197.0
2947,13,-1,"IND",-346.0,-329.0
2948,13,-1,"IND",-430.0,164.0
2949,13,-1,"IND",274.0,-210.0
2950,13,-1,"IND",-21.0,-300.0
2951,13,-1,"IND",219.0,-438.0
2952,13,-1,"IND",-122.0,-171.0
2953,13,-1,"IND",245.0,308.0
2954,13,-1,"IND",-141.0,460.0
2955,13,-1,"IND",16.0,169.0
2956,13,-1,"IND",190.0,-128.0
2957,13,-1,"IND",-109.0,-241.0
2958,13,-1,"IND",237.0,108.0
2959,13,-1,"IND",428.0,-282.0
2960,13,-1,"IND",116.0,-280.0
2961,13,-1,"IND",-12.0,480.0
2962,13,-1,"IND",-348.0,-246.0
2963,13,-1,"IND",-393.0,198.0
2964,13,-1,"IND",338.0,-67.0
2965,13,-1,"IND",481.0,-23.0
2966,13,-1,"IND",-29.0,187.0
2967,13,-1,"IND",-364.0,250.0
2968,13,-1,"IND",-315.0,13.0
2969,13,-1,"IND",-18.0,247.0
2970,13,-1,"IND",425.0,-245.0
2971,13,-1,"IND",-264.0,10.0
2972,13,-1,"IND",-67.0,-255.0
2973,13,-1,"IND",281.0,255.0
2974,18,-1,"IND",-198.0,-5235.0
2975,18,-1,"IND",-312.0,-5044.0
2976,18,-1,"IND",-493.0,-5183.0
2977,18,-1,"IND",-456.0,-4855.0
2978,18,-1,"IND",391.0,-4837.0
2979,18,-1,"IND",-118.0,-4894.0
2980,18,-1,"IND",-231.0,-4955.0
2981,18,-1,"IND",124.0,-4581.0
2982,18,-1,"IND",-328.0,-5229.0
2983,18,-1,"IND",-253.0,-5444.0
2984,18,-1,"IND",439.0,-4786.0
2985,18,-1,"IND",-455.0,-5023.0
2986,18,-1,"IND",269.0,-4980.0
2987,18,-1,"IND",401.0,-4580.0
2988,18,-1,"IND",-48.0,-5319.0
2989,21,-1,"IND",-10198.0,-10235.0
2990,21,-1,"IND",-10312.0,-10044.0
2991,21,-1,"IND",-10493.0,-10183.0
2992,21,-1,"IND",-10456.0,-9855.0
2993,21,-1,"IND",-9609.0,-9837.0
2994,21,-1,"IND",-10118.0,-9894.0
2995,21,-1,"IND",-10231.0,-9955.0
2996,21,-1,"IND",-9876.0,-9581.0
2997,21,-1,"IND",-10328.0,-10229.0
2998,21,-1,"IND",-10253.0,-10444.0
2999,21,-1,"IND",-9561.0,-9786.0
3000,21,-1,"IND",-10455.0,-10023.0
3001,21,-1,"IND",-9731.0,-9980.0
3002,21,-1,"IND",-9599.0,-9580.0
3003,21,-1,"IND",-10048.0,-10319.0
3004,25,-1,"IND",9802.0,-10235.0
3005,25,-1,"IND",9688.0,-10044.0
3006,25,-1,"IND",9507.0,-10183.0
3007,25,-1,"IND",9544.0,-9855.0
3008,25,-1,"IND",10391.0,-9837.0
3009,25,-1,"IND",9882.0,-9894.0
3010,25,-1,"IND",9769.0,-9955.0
3011,25,-1,"IND",10124.0,-9581.0
3012,25,-1,"IND",9672.0,-10229.0
3013,25,-1,"IND",9747.0,-10444.0
3014,25,-1,"IND",10439.0,-9786.0
3015,25,-1,"IND",9545.0,-10023.0
3016,25,-1,"IND",10269.0,-9980.0
3017,25,-1,"IND",10401.0,-9580.0
3018,25,-1,"IND",9952.0,-10319.0
